id,id_tei,name,county,state,latitude,longitude,notes,place_type,alternate,Date,,,,,
,aber,Aberdeen,,Scotland? MD?,,,,placeName,,,,,,,
,abing,Abington,Montgomery,Pennsylvania,,,,,,,,,,,
,adolph,Adolphus Town,,,,,,placeName,,,,,,,
,afri,Africa,,,,,,placeName,,,,,,,
,alaba,Alabama River,,Alabama,,,,geogName,,,,,,,
,alban,Albany,,New York,42.6526,73.7562,,placeName,,,,,,,
,albanc,Albany County,,New York,,,,placeName,,,,,,,
,alexa,Alexandria,,Virginia,38.804838,77.046921,,placeName,,,,,,,
,allam,Allamuchy Mountain,,New Jersey,40.925957,74.752522,,geogName,,,,,,,
,alleg1,Allegheny,,Pennsylvania,41.85217,77.90532,,,Allegany,,,,,,
,allem,Allegheny Mountain,,Pennsylvania,40°3′29, 78°45′29,one mountain in  Allegheny Mountains,geogName,Great Allegheny,,,,,,
,allmo,Allegheny Mountains,,,,,,geogName,Allegheny Mountain,,,,,,
,alleg2,Allegheny Reservation,,New York,42.15818,78.75017,,placeName,,,,,,,
,alleg,Allegheny River,,Pennsylvania,41.88183,78.95393,"325 Miles long from Allegany Township, PA to Ohio River near at Pittsburgh, PA",geogName,Alleghany River,,,,,,
,allen,Allentown,,New Jersey?,,,near Burlington,placeName,,,,,,,
,amawa,Amawalk,,New York,,,"Located in Somers, NY",placeName,Amawock,,,,,,
,amboy,Amboy,,New York,,,,placeName,,,,,,,
,amesb,Amesbury,,Vermont,,,,placeName,Almsbury,,,,,,
,amst,Amsterdam,,,,,,placeName,,,,,,,
,annap,Annapolis,,Canada,44.4433,65.3045,,placeName,,,,,,,
,annap1,Annapolis,,Maryland,,,,placeName,,,,,,,
,annri,Annapolis River,,Canada,,,,geogName,,,,,,,
,antho,Anthony's Nose (Mountain),,New York,,,,geogname,,,,,,,
,apoqu,Apoquague Meeting House,,New York,41.619713,73.663261,"in Beekman, NY",placeName,,,,,,,
,apple,Apple Boom Harbor,,,,,,placeName,,,,,,,
,arkansas,Arkansas,,,,,,placeName,,,,,,,
,arkan,Arkansas River,,,,,,geogname,,,,,,,
,armst,Armstrong Creek,,Pennsylvania,,,,geogName,,,,,,,
,athen,Athens,,,,,,placeName,,,,,,,
,atsio,Atsion,,New Jersey,,,,placeName,,,,,,,
,augl,"Auglaize (River, Creek, Lake?",,Ohio,,,,geogName,,,,,,,
,augus,Augusta,,New York,,,,placeName,,,,,,,
,avers,Aversa,,Italy,,,,placeName,,,,,,,
,avond,Avondale,,Pennsylvania,39.823443,75.78327,,placeName,,,,,,,
,backr,Backbone Ridge,,,,,,geogName,,,,,,,
,balan,Balania,,,,,,placeName,,,,,,,
,balde,Bald Eagle Creek,,Pennsylvania,,,"Enters the West Branch at Lockhaven, Clinton County",geogName,,,,,,,
,balti,Baltimore,,New York,42.446194,73.78866,"Greene County, may be a different Baltimore, NY",placeName,New Baltimore,,,,,,
,balti1,Baltimore,,Maryland,39.290385,76.612189,,placeName,,,,,,,
,baltc,Baltimore Creek,,New York,,,,geogName,,,,,,,
,bnewf,Banks of Newfoundland,,,,,,placeName,,,,,,,
,barbour,Barboursville,,Virginia,,,,,,,,,,,
,barne,Barnegat,,New Jersey,,,,placeName,,,,,,,
,basin,Basin Harbor,,Vermont,44.194476,73.358619,,placeName,,,,,,,
,bassi,Bass Islands,,,,,,geogName,,,,,,,
,batav,Batavia,,New York,42.998116,78.187517,Near Tonawanda Creek,placeName,,,,,,,
,bath,Bath,,New York,42.337,77.3177,,placeName,,,,,,,
,cantb,Bay of Canton,,,,,,geogName,,,,,,,
,fundy,Bay of Fundy,,Canada,45.185909,65.253296,,geogName,,,,,,,
,baypo,Bay Point,,Ohio,,,between Maumee Bay and Lake Erie,placeName,,,,,,,
,beach,Beach Springs,,North Carolina,,,,placeName,,,,,,,
,beart,Bear Tavern,,New Jersey,40.30251,74.84818,,placeName,,,,,,,
,beath,Beathe's Ordinary,,,,,,placeName,,,,,,,
,beave,Beaver Creek,,,,,,geogName,,,,,,,
,beavh,Beaver Harbor,,Canada,45.073278,66.742642,,placeName,Bever Harbour,,,,,,
,beavr,Beaver River,,Pennsylvania,40.753914,80.309029,"Feeds into Ohio River, Mouth is at Beaver, PA, Sources is Mohoning River",geogName,,,,,,,
,bedfo,Bedford,,Pennsylvania,40.0059,78.3015,,placeName,,,,,,,
,bedlo,Bedloe's Island,,New York,,,Now called Liberty Island,placeName,Bedlow's Island,,,,,,
,bees,Beesan Town,,,,,,placeName,,,,,,,
,belfa,Belfast,,Ireland,,,,placeName,,,,,,,
,benne,Bennett's Creek,,Virginia,36.85305,76.48543,,geogName,,,,,,,
,berks,Berks County,,Pennsylvania,40.42,75.93,,placeName,,,,,,,
,berli,Berlin,,Pennsylvania,39.5517,78.57,,placeName,,,,,,,
,berry,Berry Mountain,,Pennsylvania,,,,geogName,"Berry's Mountain, Barry's Mountain",,,,,,
,berwi,Berwick,,Pennsylvania,41.0317,76.1401,,placeName,,,,,,,
,beth,Bethlehem,,New York,,,inhabited by Moravians,placeName,Bethleham,,,,,,
,bethh,Bethlehem Hospital,,,,,,placeName,,,,,,,
,bigb,Big Beaver River,,,,,,geogName,,,,,,,
,bimea,Big Meadows on Pine Creek,Tioga,Pennsylvania,,,"today this area is called Ansonia. Pine Creek heads in Potter and Tioga Counties, and enters the West Branch near Jersey Shore, on the line between Clinton and Lycoming Counties",placeName,,,,,,,
,bigtr,Big Tree,,New York,42.4611,78.4841,,placeName,"Geneseo, Bigtree Village",,,,,,
,blacc,Black Creek,,,,,,placeName,,,,,,,
,blacp,Black Point,,Nova Scotia,,,,placeName,,,,,,,
,blrifa,Black River Falls,,Vermont,,,,geogName,,,,,,,
,blacr,Black Rock,,New York,,,now part of Buffalo,placeName,,,,,,,
,black,Blackwater,,North Carolina,36.2349,80.3726,,placeName,Black Water,,,,,,
,blade,Bladensburg,,,,,near Georgetown,placeName,,,,,,,
,bhous,Block House,,,,,,placeName,,,,,,,
,block,Blockhouse,,Pennsylvania,,,,placeName,Block House,,,,,,
,blood,Bloody Creek,,Canada,,,,geogname,Bloody Bridge,,,,,,
,bloomf,Bloomfield,,New York,,,,placeName,,,,,,,
,bloom,Blooming Grove,,Pennsylvania,41.2236,74.5958,,placeName,or Pine-Grove,,,,,,
,bloomd,Bloomingdale,,New York,,,,placeName,,,,,,,
,blueh,Blue Hills,,Maine,44.2444,68.3425,,placeName,Blue Hill,,,,,,
,bluem,Blue Mountain,,Pennsylvania,40.3,77.4452,,geogName,"Blue Mountains, Kittatinny, Cattatinna",,,,,,
,bluerm,Blue Ridge Mountain,,,,,,geogName,,,,,,,
,borde,Bordentown,,New Jersey,40.149824,74.707642,,placeName,,,,,,,
,boston,Boston,,Massachusetts,,,,placeName,,,,,,,
,bostw,Bostwick's Tavern,,,,,,placeName,,,,,,,
,bowli,Bowling Green Tavern,,Virginia?,,,near Richmond,placeName,,,,,,,
,bradf,Bradford,,Pennsylvania,41.5733,78.3841,,placeName,,,,,,,
,brady,Brady's Tavern,,Pennsylvania,,,"near Milton, PA",placeName,,,,,,,
,brmill,Brandy Wine River Mills,,Delaware?,,,"near Wilmington, DE",placeName,,,,,,,
,brand,Brandywine Creek,,Pennsylvania,39.4355,75.3153,,geogName,,,,,,,
,bridg,Bridgeport,,Pennsylvania,40.0614,75.2035,,placeName,,,,,,,
,bridg1,Bridgetown,,,,,,placeName,,,,,,,
,bridw,Bridgewater,,New York,,,,placeName,Bridge Water,,,,,,
,brist,Bristol,,Pennsylvania,40.0612,74.5105,,placeName,Buckingham,,,,,,
,brist2,Bristol,,England,,,,placeName,,,,,,,
,brit,British Dominions,,,,,,placeName,,,,,,,
,broab,Broad Bay,,Maine,44.0246,69.4108,,geogName,,,,,,,
,broam,Broad Mountain,,,,,,geogName,,,,,,,
,broke,Brokenstraw Creek,,Pennsylvania,41.508,79.1534,"runs 37 miles from Chataqua County, NY to Allegheny River in Warren County, PA",geogName,Broken Straw,,,,,,
,brook,Brookeville,,Maryland,,,,placeName,,,,,,,
,brook1,Brooklyn,,New York,,,,placeName,,,,,,,
,broth,Brothertown,,New York,42.9312,75.3799,,placeName,"Brothertown Settlement, Waterville, Brotherton",,,,,,
,browt,Browns Town,,,,,,placeName,the Rock,,,,,,
,brown,Brownsville,,Pennsylvania,40.022106,79.88,,placeName,,,,,,,
,bruns,Brunswick,,New York,42.735912,73.561504,,placeName,,,,,,,
,buckt,Buck Tavern,,Pennsylvania,,,still standing about 1/4 mile from Haverford College and very near Haverford Meeting House,placeName,,,,,,,
,bucki,Buckingham,,Pennsylvania,40.3451,75.04,,placeName,,,,,,,
,buckm,Buckingham Meeting house,,Pennsylvania,40.346919,75.031874,,placeName,,,,,,,
,bucks,Bucks County,,Pennsylvania,40.34,75.11,,placeName,,,,,,,
,buffa,Buffalo,,New York,42.5417,78.5058,,placeName,"New Amsterdam, Buffalo Town",,,,,,
,buffc1,Buffalo Creek,,New York,42.870007,78.788602,,geogName,Buffaloe Creek,,,,,,
,buffc,Buffalo Creek Village,,New York,42.8625,78.6625,,placeName,"Main Village at Buffalo Creek, Buffalo Creek Reservation",,,,,,
,buffr,Buffalo River,,New York,42.86298,78.853297,"Mouth is Lake Erie, runs 8 miles ",geogName,,,,,,,
,burle,Burleigh,,North Carolina,,,Located in Surry County,placeName,,,,,,,
,burli,Burlington,,New Jersey,40.071,74.864,,placeName,,,,,,,
,burli2,Burlington,,,,,On the Mississippi,placeName,,,,,,,
,burli3,Burlington,,Ontario,,,,,,,,,,,
,bush,Bush,,Virginia?,,,,placeName,,,,,,,
,butav,Butavia,,,,,,placeName,,,,,,,
,buttf,Buttermilk Falls,,,,,,geogName,,,,,,,
,cacam,Cacapon Mountain,,,,,,geogName,Capon,,,,,,
,caerb,Caernarvon Bay,,,,,,geogName,,,,,,,
,caln,Caln,,Pennsylvania,39.5925,75.4648,Chester County,placeName,,,,,,,
,calns,Caln Station,,Pennsylvania,,,Pennsylvania Railroad,placeName,,,,,,,
,calvi,Calvin's Hill,,,,,,,,,,,,,
,camde,Camden,,Maine,44.1235,69.0353,,placeName,,,,,,,
,camco,Camden County,,North Carolina,36.34,76.16,,placeName,,,,,,,
,camva,Camden Valley,,New York,,,,,,,,,,,
,canad,Canada,,,,,,placeName,,,,,,,
,canaj,Canajoharie,,New York,,,,placeName,,,,,,,
,canan,Canandaigua,,New York,42.8875,77.281667,,placeName,"Canadaqua, Canadockway, Canandarque, Canadocwey, Canandarqua",,,,,,
,canan,Canandaigua,,New York,,,,placeName,,,,,,,
,canla,Canandaigua Lake,,New York,42.792929,77.29294,,geogName,,,,,,,
,canas,Canaseraga Creek,,New York,43.049033,75.841134,,geogName,,,,,,,
,canaw,Canawaugus,,New York,42.94095,77.76476,,placeName,"Canawagus, Canawaugus Reservation, Cannawagas",,,,,,
,canis,Canisteo River,,,,,,geogName,"Conosteer Creek, Canistiere River",,,,,,
,canto,Canton,,Indiana,,,,placeName,,,,,,,
,capte,Captena,,,,,,geogName,,,,,,,
,carma,Carmarthen,,Wales,,,,placeName,"Hermarthan, Carmarthan",,,,,,
,castl,Castleton,,England,,,,placeName,,,,,,,
,catar,Cataraugus River,,,,,,geogName,Cattaraugus,,,,,,
,catha,Catharine's Town,,New York,42.35,76.833333,,placeName,"Catherene’s Town, Watkins Glen, Catherines",,,,,,
,catswamp,Catherine's Swamp,,New York,,,,geogName,,,,,,,
,catom,Catoctin Mountain,,Maryland,,,,geogName,,,,,,,
,catsk1,Catskill,,New York,42.2173,73.8646,,placeName,Katskill,,,,,,
,catsk2,Catskill Creek,,New York,42.2226,73.86945,"Runs 46 miles, mouth is as Hudson River",geogName,Katskill Creek,,,,,,
,catmo,Catskill Mountains,,New York,,,,geogName,,,,,,,
,catta1,Cattaraugus,,New York,42.1948,78.5156,,placeName,"Cateraugarus, Cataraugus, Catauraugurus",,,,,,
,catta2,Cattaraugus Creek,,New York,,,,geogName,,,,,,,
,catta,Cattawissa,,Pennsylvania,40.9525,76.4603,,placeName,"Cattawissy, Catawissa, Catawessey",,,,,,
,cagna,Caughnawaga,,New York,42.95181,74.390551,,placeName,"Cagnawago, Fonda",,,,,,
,caven,Cavendish,,Vermont,,,,placeName,,,,,,,
,cayug1,Cayuga,,New York,42.91886,76.72637,,placeName,,,,,,,
,cayuc,Cayuga Creek,,New York,,,,geogName,,,,,,,
,cayug,Cayuga Lake,,New York,42.70776,76.72234,,geogName,,,,,,,
,ceres,Ceres,,New York,41.9995,78.2689,,placeName,"King's settlement, Cerestown, Francis King's Settlement",,,,,,
,chadd,Chadds Ford,,Pennsylvania,,,,placeName,,,,,,,
,chapp,Chappaqua,,New York,41.15954,73.76485,,placeName,Shappaqua,,,,,,
,chara,Charanton,,France,,,,placeName,,,,,,,
,charl,Charleston,,Virginia?,,,,placeName,,,,,,,
,charl2,Charleston,,New York,,,,placeName,Charlestown,,,,,,
,chaut,Chautauque Lake,,New York,42.18517,79.431,,geogName,,,,,,,
,chelt,Cheltenham,,Pennsylvania,40.06094,75.09406,,placeName,,,,,,,
,chemu,Chemung River,,New York and Pennsylvania,41.92381,76.517715,"Mouth is at Susquehanna River, Source is in Painted Post, NY",geogName,Shomonga Creek,,,,,,
,chena,Chenango,,New York,42.1058,75.532,,placeName,Shenang,,,,,,
,chval,Cherry Valley,,New York,42.7956,74.7532,,placeName,,,,,,,
,chesab,Chesapeake Bay,,,,,,geogName,,,,,,,
,chesh,Cheshire County,,New Hampshire,,,,placeName,Cheshiere,,,,,,
,chest,Chester ,,New York,41.3626,74.2713,,placeName,,,,,,,
,chest1,Chester ,,Pennsylvania,39.84956,73.35575,,placeName,,,,,,,
,chestc,Chester County,,Pennsylvania,,,,placeName,,,,,,,
,chesf,Chesterfield,,New Jersey,40.120242,74.653491,,placeName,,,,,,,
,chehi,Chestnut Hill,,,,,,placeName,,,,,,,
,cheri,Chestnut Ridge,,Pennsylvania,,,,geogName,,,,,,,
,cheri1,Chestnut Ridge Meeting House,,NY,,,now extinct,placeName,,,,,,,
,chick,Chickago,,Illinois,,,,placeName,,,,,,,
,chile,Chilecothe,,,,,,placeName,,,,,,,
,chill,Chillicothe,,Ohio,,,,placeName,Chilicothe,,,,,,
,chill,Chillisquaque Creek,,Pennsylvania,40.93417,76.859515,"Mouth is at West Branch Susquehanna River, Runs 20 miles",geogName,"Chilesquaque Creek, Chilisquagus",,,,,,
,chipp1,Chippewa,,,44.49447,76.8306,,placeName,,,,,,,
,chipp,Chippewa River,,Canada,46.927735,84.437442,Mouth is NE corner of Lake Superior,geogName,"Chippaway, Chippeway",,,,,,
,chiqu,Chiques Creek,,Pennsylvania,40.12248,76.45806,,geogName,"Big Chiques, Chiquesalunga, Chickisalango",,,,,,
,cinci,Cincinnata,,,,,,placeName,,,,,,,
,clark,Clark Creek,,Pennsylvania,40.3701,76.96107,Mouth is Susquehanna River on W edge of Dauphin County,geogName,Clarks Creek,,,,,,
,clave,Claverick Creek,,,,,,geogName,,,,,,,
,clearc,Clear Creek,,,,,,geogName,,,,,,,
,cleve,Cleveland,,Ohio,,,,placeName,,,,,,,
,clint,Clinton,,New York?,,,,placeName,,,,,,,
,coalb,Coalbrookdale,,England,,,,placeName,,,,,,,
,coatc,Coats's Camp,,,,,may have been a joke,placeName,,,,,,,
,codor,Codorus Creek,,Pennsylvania,39.74504,76.8314,,geogName,,,,,,,
,coeym,Coeymans,,New York,42.2826,73.4732,"Albany County, NY",placeName,"Coyeman, Cojemans, Quemanstown, Coeyman's patent",,,,,,
,cohoc,Cohocton River,,New York,42.56602,77.536045,"Flows 58 miles SSE until it feeds into the Chemung River below Painted Post, NY",geogName,,,,,,,
,coho1,Cohorst,,Vermont,,,Cohorse,placeName,,,,,,,?? Not sure if person or place ??
,crun1,Cold Run,,,,,,geogName,,,,,,,
,colds,Cold Spring,,New York,41.42,73.9546,In Putnam County,placeName,,,,,,,
,colum,Columbia,,,,,12 miles from Lancaster,placeName,,,,,,,
,conan,Conandarque,,,,,,placeName,,,,,,,
,conal,Conandarque Lake,,,,,,geogName,,,,,,,
,conco,Concord,,,,,,placeName,,,,,,,
,cones,Conescotago,,,,,,placeName,"Coniscotago, Conishadaga",,,,,,
,cones2,Conestoga,,,,,,placeName,Conestogoe,,,,,,
,concr,Conewago Creek,,Pennsylvania,,"80 miles Long, stretches from York, PA to Franklin Township, PA",,geogName,"Connowongo, Conewango",,,,,,
,conmo,Conewago Mountains,,Pennsylvania,40.0467,76.858,"Northern York  County, PA",geogName,"Connowaga, Conowogo",,,,,,
,conew,Conewango,,New York,42.238,79.031,,placeName,,,,,,,
,conis,Conishadaga,,,,,,placeName,,,,,,,
,connt,Connecticut,,Connecticut,41.6,72.7,,placeName,,,,,,,
,conntr,Connecticut River,,,,,,geogName,,,,,,,
,conne,Connellsville,,Pennsylvania,40.058,79.3524,"Fayette County, PA",placeName,Conalds-Ville,,,,,,
,conne1,Connelstown,,,,,,placeName,"Possibly, McConnellstown, PA",,,,,,
,conoc,Conococheague Creek,,Pennsylvania,39.3602,77.4942,"Runs 80 miles, originates above Chamersburg, PA and ends near Williamsport, MD with the Potomac River",geogName,Conogocheak,,,,,,
,conod,Conodoguinet Creek,,Pennsylvania,40.1617,76.5449,104 miles long. Water divide between Conodoguinet Creek and Conococheague Creek separates Hagerstown Valley and Cumberland Valley,geogName,,,,,,,
,conol,Conoley's Tavern,,New York,,,,placeName,,,,,,,
,conyc,Conyconeys,,,,,stream,geogName,,,,,,,
,coope,Cooper River,,New Jersey,39.925,75.0701,"16 miles long, tributary of Delaware River",geogName,"Coopers Creek, Cooper Creek",,,,,,
,coopt,Cooperstown,,New York,42.7,74.9243,,placeName,,,,,,,
,cores,Core Sound,,North Carolina,34.849,76.3434,"East of Sealevel, NC",geogName,,,,,,,
,cornp,Cornplanters Village,Warren,Pennsylvania,41.837781,79.003006,western bank of the Allegheny River (about three miles (5 km) below the southern boundary of New York state),placeName,"Jenuchshadago , Jeneocatego, Cornplanter's Settlement, Cornplanter Tract, Gyonǫhsade:gęh",,,,,,
,corog,Coroga Creek,Montgomery,New York,,,,geogName,Carago Creek,,,,,,
,cortun,Cortunewaga,,,,,,placeName,,,,,,,
,cofer,Coryells Ferry,,New Jersey,40.3642,74.9513,,placeName,"Karels Ferry, Curruls Ferry",,,,,,
,cowan,Cowanesque,,Pennsylvania,41.9432,77.7075,"River, 41 miles long Crosses from PA to NY to join Tioga River",geogName,,,,,,,
,cowas,Cowaselon Creek,,New York,,,,geogName,,,,,,,
,cowni,cownisky,,,,,,,,,,,,,
,coxs,Coxsackie,,New York,,,,,,,,,,,
,crans,Cranston,,Rhode Island,,,,,,,,,,,
,creek,Creek Meeting House,,New York,41.83355,73.762078,,placeName,,,,,,,
,cres,Cresaptown,,,,,,placeName,formerly Cresapsburg,,,,,,
,crook,Crooked Lake,,New York,42.492914,77.142764,Now known as Keuka lake,geogName,,,,,,,
,cross,Cross Lake,,New York,,,,geogName,,,,,,,
,crosw,Croswick's,,New Jersey (west),,,near a meeting-house and school,placeName,,,,,,,
,croto,Croton River,,New York,41.190475,73.87342,,geogName,,,,,,,
,croval1,Croton Valley,,New York,,,,,,,,,,,
,cumb,Cumberland,,,,,,placeName,,,,,,,
,cusse,Cussewago,,Pennsylvania,41.48,80.1559,"In Crawford County, PA",placeName,"Casawaga, Meadville",,,,,,
,cuyah,Cuyahoga River,,Ohio,,,,geogName,Cayahoga,,,,,,
,danby,Danby,,Vermont,43.22,73.3,in Rutland County,placeName,,,,,,,
,danve,Danvers,,Massachusetts,,,,placeName,,,,,,,
,darby,Darby,,Pennsylvania,39.9184,75.259,In Delaware County,placeName,,,,,,,
,dayt,Dayton,,Ohio,39.4534,84.113,,placeName,,,,,,,
,delap,De-la-Panse river,,,,,,geogName,,,,,,,
,deeps,Deep Spring,,,,,,geogName,,,,,,,
,delaware,Delaware,,,,,,placeName,,,,,,,
,delab,Delaware Bay,,,,,,geogName,,,,,,,
,delco,Delaware County,,Pennsylvania,39.92,75.4,,placeName,,,,,,,
,delaw,Delaware River,,,,,Runs 419 miles,geogName,,,,,,,
,denm,Denmark,,,,,,placeName,,,,,,,
,dennc,Dennis' Creek,,,,,,geogName,,,,,,,
,denn,Dennis' Station,,,,,,placeName,,,,,,,
,derby,Derby,,Pennsylvania?,,,,placeName,same as Darby?,,,,,,
,detro,Detroit,,Michigan,42.1953,83.0245,,placeName,,,,,,,
,detror,Detroit River,,Michigan,42.0306,83.0905,"Runs 28 miles, is boundary between MI and Ontario, Canada",geogName,,,,,,,
,digby,Digby,,Canada,44.62153,65.7575,,placeName,,,,,,,
,dinwi,Dinwiddie County,,Virginia,37.08,77.63,,placeName,,,,,,,
,dippe,Dipper Harbour,,Canada,45.09578,66.431047,,placeName,,,,,,,
,dothe,Dotherly's Tavern,,New York?,,,on the banks of Tawandy Creek,placeName,,,,,,,
,doubl,Double Cabin,,Pennsylvania,,,inn,placeName,,,,,,,
,duane,Duanesburg,,New York,42.76202,74.13374,,placeName,"Duane's Bush, Douanesburg",,,,,,
,dubli,Dublin,,Ireland,,,,placeName,,,,,,,
,dubuq,Dubuque,,,,,,placeName,,,,,,,
,duchc,Duchess County,,New York,,,,placeName,,,,,,,
,duckc,Duck Creek,,,,,,geogName,,,,,,,
,duckt,Ducktrap,,Maine,44.29535,69.0078,,placeName,,,,,,,
,durha,Durham,,Maine,43.97247,70.12299,,placeName,,,,,,,
,ebrad,East Bradford,,Pennsylvania,,,,,,,,,,,
,eastf,East Fork,,,,,Little Miami River,,,,,,,,
,egreen,East Greenwich,,,,,,,,,,,,,
,ehamp,East Hampton,,New York,40.5725,72.1156,,placeName,,,,,,,
,ehart,East Hartford,,Connecticut,41.76342,72.612834,,placeName,,,,,,,
,eastr,East River,,New York,,,,geogName,,,,,,,
,eastb,Eastbourne,,England,,,,placeName,,,,,,,
,easto,Easton,,New York,42.9934,73.55234,"In Washington County, NY",placeName,,,,,,,
,eston,Easton,,Pennsylvania,40.6885,75.2072,,placeName,Eastown,,,,,,
,eaves,Eavesham,,New Jersey,,,,placeName,,,,,,,
,edgep,Edge Pelek,,New Jersey,,,,placeName,reference to New Jersey tribe,,,,,,
,edin,Edinburgh,,Scotland,,,,placeName,,,,,,,
,eelr,Eel River,,,,,,geogName,,,,,,,
,eggha,Egg Harbor,,New Jersey,39.37829,74.6,,placeName,New Weymouth,,,,,,
,eighmc,Eighteen Mile Creek Harbor,,New York,,,"On the southern shore of Lake Ontario, today called Olcott",geogName,,,,,,,
,elder,Elder's Tavern,,Pennsylvania,,,"Somewhere near Stony Creek, Paxton, PA",geogName,,,,,,,
,eldri,Eldridge's Tavern,,New York?,,,near Elklands,placeName,,,,,,,
,eliza,Elizabethtown,,Pennsylvania,40.15287,76.60274,,placeName,Elisabeth Town,,,,,,
,elkri,Elk Ridge,,Maryland,39.2126,76.71358,,placeName,Elkridge,,,,,,
,elkla,Elklands,,New York?,,,,placeName,,,,,,,
,ellic,Ellicott's Mills,,,,,,placeName,,,,,,,
,engl,England,,,,,,placeName,,,,,,,
,eppin,Epping,,New Hampshire,,,,placeName,,,,,,,
,erie,Erie,,Pennsylvania,,,,placeName,,,,,,,
,eriec,Erie Canal,,,,,,geogName,Grand Canal,,,,,,
,esopu,Esopus ,,New York,41.8279,73.9651,,placeName,Eusopus,,,,,,
,esocr,Esopus Creek,,New York,42.417,73.5545,"Runs 65 miles, Source is Winnisook Lake and mouth is Hudson River",geogName,,,,,,,
,euro,Europe,,,,,,placeName,,,,,,,
,evesh,Evesham,,New Jersey,39.856677,74.90081,,placeName,Evesham Township,,,,,,
,exete,Exeter,,Pennsylvania,41.1932,75.491,,placeName,,,,,,,
,faili,Failing's Inn,,,,,,placeName,,,,,,,
,falls,Falls,,Pennsylvania,40.1036,74.494,,placeName,"Falls Township, Fallsington",,,,,,
,ohiof,Falls of Ohio,,Kentucky,,,,geogName,,,,,,,
,falmo,Falmouth,,Maine,43.4346,70.1431,,placeName,,,,,,,
,fanne,Fannettsburg,,Pennsylvania,40.06508,77.82944,,placeName,Phanetts-Burgh,,,,,,
,farmi,Farmington,,New York,42.98642,77.32595,,placeName,Mud Creek,,,,,,
,fathf,Father Flint,,,,,flint vein,geogName,,,,,,,
,feder,Federal City,,D.C.,38.90719,77.036871,,placeName,Washington D.C.,,,,,,
,ferri,Ferrisburg,,Vermont,44.20561,73.246234,,placeName,Ferrisburgh,,,,,,
,fieso,Fiesole,,Italy,,,,placeName,,,,,,,
,fight,Fighting Island,,Canada,,,,geogName,,,,,,,
,fishe,Fisher's Tavern,,Virginia?,,,,placeName,,,,,,,
,fishi,Fishing Creek,,Pennsylvania,41.122362,77.482871,,geogName,,,,,,,
,Flemi,Flemington,,Pennsylvania,41.124811,77.469352,"There is also a Flemington, NJ",placeName,,,,,,,
,flino,Flinn's Ordinary,,,,,,placeName,,,,,,,
,flint,Flint Creek,,New York,42.924252,77.111278,,geogName,,,,,,,
,flori,Florida,,New York,41.331761,74.35682,,placeName,,,,,,,
,flush,Flushing,,Ohio,,,,placeName,,,,,,,
,flush2,Flushing,,New York,,,,,,,,,,,
,famst,Fort Amsterdam,,New York,,,,placeName,Fort Hendrick,,,,,,
,fann,Fort Ann,,New York,43.41423,73.4876,,placeName,,,,,,,
,fatki,Fort Atkinson,,,,,,placeName,,,,,,,
,fcham,Fort Chambly,,Canada,45.449502,73.276881,,placeName,Fort Chamblee,,,,,,
,fcoff,Fort Coffee,,,,,,placeName,,,,,,,
,fcrow,Fort Crown Point,,New York,44.02872,73.429495,,placeName,,,,,,,
,fdefi,Fort Defiance,,,,,,placeName,,,,,,,
,fduqu,Fort Duquesne,,Pennsylvania,40.441603,80.010915,old French fort,placeName,,,,,,,
,fedwa,Fort Edward,,New York,43.1335,73.3333,,placeName,,,,,,,
,ferie,Fort Erie,,Canada,42.53357,78.552574,,placeName,,,,,,,
,ffran,Fort Franklin,,Pennsylvania,allace,79.82168,Likely,placeName,Formerly Fort Machault,,,,,,
,fharm,Fort Harmar,,Ohio,39.40934,81.457784,,placeName,,,,,,,
,fjeff,Fort Jefferson,,Ohio,40.076052,84.648868,,placeName,,,,,,,
,flawr,Fort Lawrence,,Ohio,,,,placeName,,,,,,,
,fleav,Fort Leavenworth,,,,,,placeName,,,,,,,
,flebo,Fort LeBoeuf,,Pennsylvania,41.93343,79970051,,placeName,La Boeuf,,,,,,
,flitt,Fort Littleton,,Pennsylvania,40.00558,78.279347,A defunct military and civilian settlement near Fort Juniata Crossing,placeName,,,,,,,
,floram,Fort Loramier,,,,,,placeName,,,,,,,
,fmint,Fort M'Intosh,,Pennsylvania,40.69109,80.303463,"Beaver, PA",placeName,Fort McIntosh,,,,,,
,fmadi,Fort Madison,,Iowa,,,,placeName,,,,,,,
,fmass,Fort Massoe,,,,,,placeName,,,,,,,
,fmiam,Fort Miami,,Michigan,,,,placeName,,,,,,,
,fniag,Fort Niagara,,Canada,,,,placeName,,,,,,,
,fpitt1,Fort Pitt,,Pennsylvania,40.440569,80.009657,Built to replace Fort Duquesne in 1759,placeName,,,,,,,
,fputn,Fort Putnam,,New York,,,at West Point,placeName,,,,,,,
,fschy,Fort Schuyler,,New York,40.805302,73.791566,"A defunct military settlement in current-day Utica, NY.",placeName,"Fort Schuylar, Old Ft. Schuyler",,,,,,
,fsmith,Fort Smith,,,,,,,,,,,,,
,fstan,Fort Stanwix,,New York,43.210556,75.45525,"In Rome, NY -- Renamed Fort Schuyler after the Revolutionary War",placeName,,,,,,,
,fwash1,Fort Washington,,,,,"There are Fort Washington's in MD, MA, NY, OH and PA.",placeName,,,,,,,
,fwayn,Fort Wayne,,Indiana,41.044962,85.082094,,placeName,,,,,,,
,fwell,Fort Wellington,,"Ontario, Canada",,,,placeName,,,,,,,
,franc,France,,,,,,,,,,,,,
,frankf,Frankford,,,,,,placeName,Frankfort,,,,,,
,frank,Franklin,,Pennsylvania,41.397836,79.831444,"                            referring to Franklin, Pennsylvania, the home a now defunct fort which was named Fort Franklin in 1780s.",placeName,,,,,,,
,frede1,Fredericksburg,,Virginia?,,,,,,,,,,,
,frede2,Fredericktown,,Maryland,,,,,,,,,,,
,frede,Fredericktown,,Pennsylvania,40.000246,79.997669,"A census-designated place in East Bethlehem Township,",placeName,Fredricks Town,,,,,,
,french,French Creek,,Pennsylvania,41.420654,79.881592,"There are two creeks of this name in PA. The other one is below Pottstown, PA at (40.134151, -75.564415)",geogName,,,,,,,
,frenb,Frenchman's Bay,,Maine,44.421398,68.228359,,geogName,,,,,,,
,frenct,Frenchtown,,,,,on the banks of the Chesapeake Bay,placeName,,,,,,,
,gadby,Gadby's Tavern,,Virginia,,,in Alexandria,,,,,,,,
,gali,Galina,,,,,,,,,,,,,
,galwa,Galway,,,,,,,,,,,,,
,genes4,Genesedaga,,Pennsylvania,41.203322,77.194525,,placeName,,,,,,,
,genec,Genesee county,,New York,43,78.19,,placeName,,,,,,,
,genes2,Genesee River,,"New York,  Pennsylvania",43.23251,77.617807,"River stretches from Ulysses Township, PA to Lake Ontario",geogName,Genessee River,,,,,,
,genes3,Genesee Road,,New York,42.551172,78.597907,,,Genessee Turnpike?,,,,,,
,genes,Genesee Village,,New York,42.026918,78.206005,SW Corner of Allegany County,placeName,"Chennesee Village, Ghenesee Village, Little Genesee",,,,,,
,genes1,Genesinguhta,,New York,42.06137,78.387945,,placeName,"Old Town, Cornplanter's Village",,,,,,
,genev,Geneva,,New York,42.868,76.9856,,placeName,,,,,,,
,geort2,Georgetown,,Connecticut,,,,,,,,,,,
,geort,Georgetown,,Maryland,,,,placeName,George Town,,,,,,
,georg,Georgia,,Georgia,,,,placeName,,,,,,,
,gefla,German Flats,,New York,42.9778,74.9793,,placeName,German Flatts,,,,,,
,gerfl,German Flatts,,New York,,,,placeName,Fort Herkimer,,,,,,
,germa,Germantown,,Pennsylvania,40.0417,75.1796,,placeName,,,,,,,
,germ,Germany,,,,,,,,,,,,,
,ghent,Ghent,,,,,,,,,,,,,
,girtyt,Girty's town,,,,,,,,,,,,,
,glasg,Glasgow,,,,,,,,,,,,,
,glouc,Gloucester,,New Jersey,39.792186,75.036059,,placeName,,,,,,,
,glouc1,Gloucester,,England,,,,,,,,,,,
,gloup,Gloucester Point,,,,,,geogName,,,,,,,
,golan,Golane,,,,,,,,,,,,,
,goosec,Goose Creek settlement,,,,,,placeName,,,,,,,
,goshe,Goshen,,New York,41.402038,74.324319,County seat of Orange County,placeName,,,,,,,
,goshe1,Goshen,,Connecticut,41.831519,73.224895,,placeName,,,,,,,
,goshe2,Goshen,,Pennsylvania,,,,placeName,,,,,,,
,gover,Governors Island,,New York,,,,placeName,,,,,,,
,grandp,Grand Portage,,Minnesota,47.963776,89.684812,Historical fur trade outpost and road,placeName,,,,,,,
,grand,Grand River,,,,,"There are Grand Rivers in Ontario, Ottawa, OH, WI and MI",geogName,,,,,,,
,gbrit,Great Britain,,,,,,,,,,,,,
,gcacar,Great Cacapon River,,,,,,geogName,Capon,,,,,,
,gmead,Great Meadows,,,,,"""upon the Alleghany Mountains""",placeName,,,,,,,
,gmiam,Great Miami River,,Ohio,,,,geogName,,,,,,,
,sodus,Great Sodus River,,Michigan,43.141963,78.865727,cohoc,geogName,Sodus Creek,,,,,,
,greeb,Green Bay,,Michigan,,,,geogName,"Puans Bay, Baie des Puants ",,,,,,
,ghalls,Green Halls,,,,,,,,,,,,,
,greem,Green Mountains,,,,,,geogName,,,,,,,
,green,Greenkill (Mills),,New York,41.441182,74.66669,"Operated by Colonel Charles De Witt, at one point a resort of promitent men--became a tavern after the Colonel's death, operated by his son",placeName,,,,,,,
,greent,Greentown,,,,,,,Greens-town,,,,,,
,greenv,Greenville,,,,,,,"formerly Grenville, Greeneville",,,,,,
,greew,Greenwich,,New Jersey,39.820084,75.261867,,placeName,,,,,,,
,gisle,Grosse Ile,,Michigan,47.02,70.67,,placeName,"Grosse Isle, La Grosse-Île, Grosseel, Groes Isle",,,,,,
,gross,Grosse Pointe,,Michigan,,,,geogName,Gross Point,,,,,,
,gunpo,Gunpowder Falls,,Maryland?,,,,,,,,,,,
,gwyne,Gwynedd,Montgomery,Pennsylvania,,,,,,,,,,,
,hacke,Hackettstown,,New Jersey,40.853988,74.829055,,placeName,Hacketstown,,,,,,
,hacki,Hackinsack river,,,,,,,,,,,,,
,hackn,Hackney,,England,,,Middlesex,placeName,,,,,,,
,haddo,Haddonfield,,New Jersey,39.891502,75.037671,,placeName,,,,,,,
,haiti,Haiti,,,,,,placeName,Hayti,,,,,,
,halif,Halifax,,North Carolina,36.328486,77.58942,,placeName,Hallifax,,,,,,
,halif2,Halifax,,Nova Scotia,,,,,,,,,,,
,hambu,Hamburgh,,Pennsylvania,40.55565,75.981877,,placeName,Hamburg,,,,,,
,hamil,Hamilton,,Ohio?,,,,,,,,,,,
,hamil2,Hamilton,,Ontario,,,,placeName,,,,,,,
,hanov,Hanover,,Maryland?,,,,,,,,,,,
,harle,Harlem,,New York,,,,placeName,Haerlem,,,,,,
,harrisb,Harrisburgh,,Pennsylvania,40.273191,76.886701,,placeName,Harrisburg,,,,,,
,hartf,Hartford,,Connecticut,41.763711,72.685093,,placeName,,,,,,,
,hartf2,Hartford,,,,,,,,,,,,,
,haver,Haverford,,Pennsylvania,,,,,,,,,,,
,havre,Havre-de-Grace,,Maryland,,,,,,,,,,,
,heado,Head of Elk,,Pennsylvania?,,,,placeName,,,,,,,
,hecto,Hector township,,,,,near Lake Seneca,placeName,,,,,,,
,helle,Heller's Tavern,,Pennsylvania,,,Near Wind Gap. Northampton County,placeName,,,,,,,
,heml,Hemlock lake,,,,,,,,,,,,,
,herki,Herkimer,,New York,43.025626,74.985989,not the same as Ft. Herkimer which is located at German Flatts; the town of Herkimer was near Ft. Dayton,placeName,"Hackamack, Hercomer",,,,,,
,heviv,Heviland Valley,,,,,,,,,,,,,
,hicko,Hickorytown,,Pennsylvania?,,,,placeName,,,,,,,
,hills,Hillsborough County,,New Hampshire,,,,placeName,,,,,,,
,hockhr,Hockhocking River,,,,,,,,,,,,,
,hogis,Hog Island,,Michigan,,,,placeName,,,,,,,
,holkh,Holkham,,England,,,,,,,,,,,
,holla,Holland,,,,,,,,,,,,,
,holland,Holland Purchase,,,,,,,,,,,,,
,holst,Holston River,,,,,,geogName,Holstein River,,,,,,
,holyh,Holyhead ,,England,,,,,,,,,,,
,honeyc,Honey Creek,,,,,Stream of the Great Miami,,,,,,,,
,honeyl,Honey Lake,,,,,,,,,,,,,
,hoosi,Hoosick,,New York,42.861137,73.328689,,placeName,"[East] Husack, Hoosack",,,,,,
,hopw,Hopewell,,Virginia,37.2904,77.3034,,placeName,,,,,,,
,horsv,Horse Valley,,Pennsylvania,,,,geogName,,,,,,,
,hofer,Howels Ferry,,New Jersey,40.4054,74.9742,,placeName,,,,,,,
,huds,Hudson,,New York,42.252865,73.790959,,placeName,,,,,,,
,hudsc,Hudson Canal,,,,,,geogName,,,,,,,
,hudsr,Hudson River,,New York,41.18961,73.924225,"315 miles long from Henderson Lake, NY (44.091954, -74.058537) to the Upper New York Bay in Lower Manhattan",geogName,"Hudson's River, North River",,,,,,
,ileau,Ile aux Noix,,Canada,47.090901,72.922895,,geogName,Isle aux Noix,,,,,,
,illinois,Illinois,,,,,,,,,,,,,
,illin,Illinois River,,Illinois,,,,geogName,,,,,,,
,india,Indian Line,,,,,,,,,,,,,
,indiana,Indiana,,,,,,,,,,,,,
,iowa,Iowa Territory/State,,,,,,,,,,,,,
,ipswi,Ipswich,,,,,,placeName,,,,,,,
,irel,Ireland,,,,,,,,,,,,,
,issua,Issua,,,,,,geogName,,,,,,,
,italy,Italy,,,,,,,,,,,,,
,jacks,Jack's Swamp,,North Carolina,36.509498,77.54998,"Flows from Northampton Co (NC) and becomes Fountain's Creek in VA. Site of a Quaker Meeting House. South of Pleasant Hill, NC.",geogName,"Jackswamp, Fountain's Creek",,,,,,
,jamer,James river,,,,,,,,,,,,,
,jtown,James Town,,North Carolina,,,,,,,,,,,
,jtown1,Jamestown,,,,,,,,,,,,,
,jeric,Jericho,,New York,,,,,,,,,,,
,jerom,Jerome's-town,,,,,,,,,,,,,
,jersm,Jersey Mountains,,,,,,geogName,,,,,,,
,jshor,Jersey shore,,,,,,geogName,,,,,,,
,jtown2,Jersey town,,,,,"now called Jersey Shore, a small town near Williamsport, PA",,,,,,,,
,jerse,Jerseys,,New Jersey,,,,placeName,,,,,,,
,jerus,Jerusalem,,New York,42.626429,77.171523,,placeName,,,,,,,
,johns,Johnstown,Montgomery,New York,43.0067,74.3676,,placeName,John's Town,,,,,,
,jonac,Jonathan's Creek,,,,,,,,,,,,,
,junia,Juniata River,,Pennsylvania,40.477835,77.072439,"104 miles long from Petersburg, PA (40.3339, -78.0406) to Susquehanna River in Duncannon, PA",geogName,,,,,,,
,kaoun,Ka-oun-o-de-o,,,,,,,,,,,,,
,kaate,Kaaterskill Falls,,New York,42.193234,74.063044,,geogName,,,,,,,
,kams,kamschatka,,,,,,,,,,,,,
,kanan,Kanandargua,,,,,,,,,,,,,
,kansas,Kansas,,,,,,,,,,,,,
,kansar,Kansas River,,,,,,,,,,,,,
,kaukau,Kaukauna,,Wisconsin,,,,,,,,,,,
,kendai,Kendaia,,New York,,,Seneca/Cayuga village of Kendaia (Apple Town),placeName,,,,,,,
,kentu,Kentucky,,Kentucky,,,,placeName,,,,,,,
,kentr,Kentucky River,,,,,,,,,,,,,
,kerse,Kerseymere,,,,,,,,,,,,,
,killa,Killakanik,,,,,,,,,,,,,
,kinde,Kinderhook,,,,,,placeName,,,,,,,
,kindc,Kinderhook Creek,,,,,,geogName,,,,,,,
,kisto,Kings Stores,,,,,9 miles from Ft. Niagara,,,,,,,,
,kings,Kingston,,,,,"There are towns named Kingston in PA (41.16, -75.53) NJ (40.387103, -74.6152) and other states/ Canada as well",placeName,,,,,,,
,kingw,Kingwood,,New Jersey,40.5667,74.9424,,placeName,,,,,,,
,kinzu,Kinzua,,Pennsylvania,41.821702,79.107163,,placeName,,,,,,,
,kittam,Kittatinny Mountains,,,,,,,,,,,,,
,kitcr,Kittle Creek,,West Virginia,38.736695,80.039821,,geogName,,,,,,,
,kline,Kline Kill,,New York,42.346389,73.626766,,geogName,,,,,,,
,lagra,La Grande River,,Canada,,,,geogName,La Grande Riviere,,,,,,
,lachi,Lachine,,Canada,45.431667,73.675,,placeName,,,,,,,
,lakeca,Lake Canandarque,,,,,,,,,,,,,
,lakec,Lake Champlain,,NY/VT,44.586581,73.38009,,geogName,,,,,,,
,lakee,Lake Erie,,,42.066885,81.339941,,geogName,,,,,,,
,lakeh,Lake Huron,,,45.052237,82.484612,,geogName,,,,,,,
,lakem,Lake Michigan,,,43.4501,87.222019,,geogName,,,,,,,
,lakeo,Lake Ontario,,,43.644026,77.904053,,,,,,,,,
,lakeow,Lake Owasco,,,,,,,,,,,,,
,lakesa,Lake Saratoga,,,,,,,,,,,,,
,lakesc,Lake Schaneatetes,,,,,,,,,,,,,
,lakese,Lake Seneca,,,,,,,,,,,,,
,simcol,Lake Simcoe,,,,,,,,,,,,,
,sincll,Lake Sinclair,,,,,"Only Lake Sinclair is in Georgia, Name could be confused for a Lake St. Clair elsewhere.",geogName,,,,,,,
,lakst,Lake St. Clair,,,42.43565,82.691543,,geogName,,,,,,,
,laksf,Lake St. Francis,,,45.839739,77.646682,,geogName,,,,,,,
,lakes,Lake Superior,,,47.723087,86.940716,,geogName,,,,,,,
,lambe,Lamberton,,New Jersey,40.208532,74.763433,"Port community on Delaware River, now considered part of Trenton",placeName,,,,,,,
,lanca,Lancaster,,Pennsylvania,40.037875,76.305514,,placeName,,,,,,,
,lansi,Lansingburgh,,New York,42.784522,73.669562,,placeName,,,,,,,
,larcr,Larrie's Creek,,Pennsylvania,41.32499,77.189813,23 miles long in Lycoming County,geogName,,,,,,,
,laure,Laurel Hill,,Pennsylvania,40.093832,79.95266,,geogName,,,,,,,
,laucr,Laurel Hill Creek,,,39.909193,79.296119,38 miles long in Somerset County.,geogName,,,,,,,
,leadm,Leadman's inn,,New York,,,17 miles east of Albany,placeName,,,,,,,
,ledin,Ledingburg's,,,,,Dutch tavern,placeName,,,,,,,
,leec,Lee's Creek,,,,,,,,,,,,,
,lehig,Lehigh River,,Pennsylvania,,,,,,,,,,,
,leice,Leicester,,England,,,,,,,,,,,
,leray,Leray,,,,,,placeName,,,,,,,
,lewis,Lewistown,,Pennsylvania,,,,placeName,,,,,,,
,lickc,Licking Creek,,,,,,,,,,,,,
,linds,Lindsley's,,,,,tavern,placeName,,,,,,,
,lcacm,Little Cacapon Mountain,,,,,,geogName,Capon,,,,,,
,lcacr,Little Cacapon river,,,,,,geogName,Capon,,,,,,
,lcone,Little Conestoga Creek,,Pennsylvania,40.048453,76.343424,,geogName,Little Connostoga,,,,,,
,lconn,Little Connestoga Valley,,Pennsylvania,40.061765,76.25804,,,,,,,,,
,lcross,Little Crossings,,,,,Branch of Youghiogheny river,geogName,,,,,,,
,lfall,Little Falls,,New York,,,,placeName,,,,,,,
,lfish,Little Fishing Creek,,Pennsylvania,40.893362,77.653695,,geogName,,,,,,,
,llake,Little Lake,,,,,,,,,,,,,
,littlemr,Little Miami River,,,,,,,,,,,,,
,lmoun,Little Mountain,,Pennsylvania,41.071368,77.055101,,geogName,,,,,,,
,lnine,Little Nine Partners,,New York,41.979814,73.65596,,placeName,,,,,,,
,little,Little River,,North Carolina,36.199923,76.458149,Pasquotank County,geogName,,,,,,,
,lsodu,Little Sodus,,New York,,,,placeName,,,,,,,
,lturtown,Little Turtle's Town,,Indiana,,,"""about 18 miles north of Dennis' Station"", Turtletown?",,,,,,,,
,lvall,Little Valley,,,,,,geogName,,,,,,,
,lyork,Little York,,New Jersey,40.611093,75.076605,There is also a Little York in Ohio.,,,,,,,,
,liver,Liverpool,,England,,,,geogName,,,,,,,
,loiqc,Loiquoit Creek,,,,,,,,,,,,,
,lond,London,,England,,,,,,,,,,,
,londg,London Grove,Chester,Pennsylvania,,,,,,,,,,,
,longi,Long Island,,New York,40.789142,73.13496,,placeName,,,,,,,
,longp,Long Point,,New York,,,,placeName,,,,,,,
,lorac,Loramier's Creek,,,,,,geogName,,,,,,,
,lostc,Lost Creek,,,,,Stream of the Great Miami,,,,,,,,
,louis,Louisiana,,Louisiana,,,,placeName,,,,,,,
,loyal,Loyalsock,,Pennsylvania,41.251115,76.972031,,placeName,,,,,,,
,loyac,Loyalsock Creek,,Pennsylvania,41.465251,76.241971,,geogName,,,,,,,
,ludl,Ludlow,,,,,,placeName,,,,,,,
,lycom,Lycoming,,Pennsylvania,41.245603,77.047108,37 miles long from McNett Township to Williamsport,geogname,Lycoming Creek,,,,,,
,lycom1,Lycoming County,,Pennsylvania,41.35,77.06,,placeName,,,,,,,
,lycom3,Lycoming Creek ,,,,,,,,,,,,,
,lymin,Lymington,,England,,,,,,,,,,,
,lynn,Lynn,,,,,,placeName,,,,,,,
,machi,Machias,,Maine,44.715079,67.461376,,placeName,,,,,,,
,mackr,Mackinac River,,Michigan,,,,geogName,"Mackinoy, McInoi",,,,,,
,macki,Mackinaw,,,,,,,,,,,,,
,mackin,Mackinoy,,,,,,,,,,,,,
,madr,Mad River,,Ohio,,,Part of Miami,geogName,,,,,,,
,madco,Madison County,,,,,,,,,,,,,
,magua,Maguaga,,,,,,,,,,,,,
,mahac,Mahanoy Creek,,Pennsylvania,40.725779,76.794004,52 miles long from Mahanoy Township to Jackson Township,geogName,Mahony Creek,,,,,,
,mahan,Mahanoy Mountain,,Pennsylvania,4.777389,76.445704,,geogName,Mahony Mountain,,,,,,
,mahat,Mahantongo Creek,,Pennsylvania,40.643722,76.782975,36 miles long from Dauphin to Millersburg,geogName,,,,,,,
,mahmo,Mahantongo Mountain,,Pennsylvania,40.629,76.813859,,geogName,Magantango mountain,,,,,,
,maho,Mahoning,,,,,"""branch of the Big Beaver""",geogName,,,,,,,
,maide,Maiden Creek,,Pennsylvania,40.43937,75.927544,,placeName,,,,,,,
,maine,Maine,,Maine,,,,placeName,,,,,,,
,makef,Makefield,,Pennsylvania,40.212007,74.821867,,placeName,,,,,,,
,mald,Malden,,,,,,,,,,,,,
,mamar,Mamaroneck,,New York,,,,placeName,Marmaronik,,,,,,
,manc,Manchester,,Vermont,,,,,,,,,,,
,manch,Manchester,,England,,,,placeName,,,,,,,
,manch1,Manchester,,Virginia?,,,near Richmond,,,,,,,,
,mancr,Mango Creek,,,,,,geogName,,,,,,,
,manvi,Manhattan-ville,,,,,,placeName,,,,,,,
,marlb,Marlborough,,New York,41.6055,73.9723,,placeName,New-malborough,,,,,,
,maryl,Maryland,,Maryland,,,,placeName,,,,,,,
,mason,Mason's Island,,,,,near Georgetown,,,,,,,,
,mass,Massachusetts ,,,,,,placeName,,,,,,,
,mattr,Mattaponi River,,,,,,,Mattapony,,,,,,
,maume,Maumee Bay,,Ohio,,,,geogName,Miami Bay,,,,,,
,mauri,Maurice River,,New Jersey,,,,geogName,Morris River,,,,,,
,menal,Menallen,,Pennsylvania,,,,,Monallen,,,,,,
,merio,Merion,,Pennsylvania?,,,,,,,,,,,
,merri,Merrimack County,,New Hampshire,,,,placeName,Merimack,,,,,,
,miamr1,Miami rapids,,Ohio,41.1715,84.2125,,geogName,,,,,,,
,miamr,Miami River,,New York,43.588643,74.489684,,geogName,,,,,,,
,miamr,Miami River,,Ohio,39.730954,87.219282,,geogName,"Great Miami River, Big Miami, Miami of the Lake",,,,,,
,mifer,Michel's Ferry,,,,,,,,,,,,,
,michi1,Michigan,,,,,,,,,,,,,
,michi,Michilimackinac,,Michigan,45.786676,84.733656,,placeName,"Michillamackanac, Mackinac, Mackinaw, Mackinoy, McInoi, Michillimackanack",,,,,,
,midbi,Middle Bass Island,,,,,,,,,,,,,
,middi,Middle Island,,,,,,,,,,,,,
,midsi,Middle Sister Island,,,,,,,,,,,,,
,midse,Middlesex,,England,,,,,,,,,,,
,midco,Middlesex County,,Connecticut,,,,placeName,,,,,,,
,middl,Middletown,,Pennsylvania,40.199814,76.731081,,placeName,,,,,,,
,milee,Mile-end,,England,,,,,,,,,,,
,milfh,Milford Haven,,England,,,,placeName,,,,,,,
,mille,Miller's Tavern,,Pennsylvania,,,near Cattawessy,placeName,,,,,,,
,milto,Milton,,Pennsylvania,41.01203,76.847741,,placeName,,,,,,,
,mingot,Mingo Town,,,,,,,,,,,,,
,missi1,Mississinaway,,,,,,,,,,,,,
,misss,Mississippi (State),,Mississippi,,,,placeName,,,,,,,
,missi,Mississippi River,,,,,,geogName,,,,,,,
,missouri,Missouri,,,,,,,,,,,,,
,misso,Missouri River,,,,,,geogName,,,,,,,
,mobil,Mobile River,,Alabama,,,,geogName,,,,,,,
,mogua,Moguago,,,,,Wyandot village? Michigan?,,,,,,,,
,mohaw,Mohawk River,,New York,42.954287,74.231358,"149 miles long from Ava, Oneida County to Hudson River",geogname,"Mohocks River, Mohock River",,,,,,
,mohva,Mohawk Valley,,New York,,,,,,,,,,,
,mohjo,Mohicken John,,Ohio,,,,geogname,,,,,,,
,mojl,Mohickon-John's Lake,,,,,,,Mohicken,,,,,,
,monal,Monallen,Adams County,Pennsylvania,,,,placeName,,,,,,,
,mongu,Monguagon,,Michigan,,,,placeName,Mogogam,,,,,,
,monmo,Monmouth,,New Jersey,,,,,,,,,,,
,monmo1,Monmouth County,,New Jersey,40.29,74.15,,placeName,,,,,,,
,monong,Monongahela,,,,,,,,,,,,,
,monon,Monongahela River,,Pennsylvania,39.953714,79.994451,"130 miles long, Runs from Tygart Valley River to Pittsburgh, PA.",geogName,,,,,,,
,montauk,Montauk,,New York,,,,,,,,,,,
,monte,Montezuma Marshes,,New York,,,,geogName,Cayuga marshes,,,,,,
,montg,Montgomery County,,Maryland,,,,,,,,,,,
,montr,Montreal,,Canada,45.501689,73.567256,,placeName,,,,,,,
,moore,Moorestown,,New Jersey,39.968882,74.948886,,placeName,,,,,,,
,moray,Moray,,Scotland,,,,,,,,,,,
,morea,Moreau,,,,,General,,,,,,,,
,morrist,Morris,Tioga County,Pennsylvania,,,,,,,,,,,
,mount,Mount Holly,,Vermont,43.447469,72.825638,,placeName,,,,,,,
,mount1,Mount Holly,,New Jersey,39.993144,74.787939,,placeName,,,,,,,
,mtver,Mount Vernon,,Virginia?,,,,,,,,,,,
,mtple,Mt. Pleasant,,,,,,,,,,,,,
,,Mud Creek,,New York,,,,placeName,Farmington,,,,,,
,mudla,Mud Lake,,,,,,geogName,,,,,,,
,mudcr,Mudd Creek,,New York,42.9825,77.4089,,geogName,"Mud Creek, Ganargua Creek",,,,,,
,muncy,Muncy,,Pennsylvania,41.2019,76.7864,,placeName,Munsey,,,,,,
,muncr,Muncy Creek,,Pennsylvania,41.380895,76.421493,36 miles long. Runs from Laporte Township to Muncy Creek Township,geogName,Munsy Creek,,,,,,
,munva,Muncy Valley,,Pennsylvania,41.34258,76.585228,,placeName,,,,,,,
,musco,Musconetcong River,,New York,40.918641,74.729701,"46 miles long. Runs from Lake Hopatcong to Riegelsville, PA.",geogName,"Musconecunch Creek, Muskenecunk",,,,,,
,muski,Muskingum,,Ohio,40.054362,82.018915,,placeName,,,,,,,
,muskr,Muskingum River,,Ohio,39.2433,81.2722,"111 miles long. Runs from Coshocton to Ohio River in Marietta, OH.",geogName,,,,,,,
,musta,Musselman's Tavern,,New York,,,,placeName,,,,,,,
,,,,,,,,,,,,,,,
,naple,Naples,,Italy,,,,,,,,,,,
,narra,Narragansett,,Rhode Island,41.27,71.2658,,,Narraganset,,,,,,
,nashv,Nashville,,,,,,placeName,,,,,,,
,nav,Navy Hall,,Canada,43.252,79.059134,,placeName,,,,,,,
,negm,Negro Mountain,,,,,,geogName,,,,,,,
,neosho,Neosho River,,,,,,,,,,,,,
,never,Neversink Mountains,,,,,,,,,,,,,
,newbd,New Bedford,,Massachusetts,,,,placeName,,,,,,,
,newbr1,New Britain,,New York,42.467707,73.481409,"Hamlet of New Lebanon, main home of the Quakers",placeName,,,,,,,
,newbr,New Brunswick,,Canada,46,66,,placeName,,,,,,,
,newbr2,New Brunswick,,New Jersey,,,,placeName,,,,,,,
,newcas,New Castle,,,,,,,Newcastle,,,,,,
,newco,New Concord,,,,,,placeName,,,,,,,
,newga,New Garden,Chester,Pennsylvania,,,,placeName,,1793,,,,,
,nhamp,New Hampshire,,,,,,placeName,New Hampshier,,,,,,
,newha,New Hartford,Oneida,New York,43.073403,75.287666,,placeName,,,,,,,
,newhv,New Haven,,Connecticut,,,,placeName,,,,,,,
,newje,New Jersey,,,,,,placeName,,,,,,,
,newlan,New Lancaster,,,,,,,,,,,,,
,newlon,New London,,? PA? CT?,,,,,,,,,,,
,newmi,New Milford,,New Jersey,40.935099,74.19028,,placeName,,,,,,,
,newor,New Orleans,,Louisiana,29.951066,90.071532,,placeName,,,,,,,
,newst,New Stockbridge,,,,,"""The town of New Stockbridge, originally called ""Tuscarora"" or ""Old Oneida"" by whites and ""Ah-gote-sa-ga-nage"" by the Oneidas (meaning unknown), is situated in present-day Madison County on what was once part of the extensive Oneida reservation. By 1785 the majority of the Stockbridge tribe, numbering about 280, had made the move and settled in the northeastern part of the town near Vernon, New York.""  (http://www.mohican.com/historypart1/)",,,,,,,,
,nwind,New Windsor,,New York,41.4767,74.0238,,placeName,New Winser,,,,,,
,newyo,New York,,New York,40.712784,74.00594,,placeName,,,,,,,
,nycit,New York City,,New York,40.71278,74.00594,,placeName,,,,,,,
,newyh,New York Hospital,,New York,,,,placeName,,,,,,,
,newar,Newark,,,,,across the river from Ft. Niagara,placeName,,,,,,,
,newbe,Newbegun Creek,,North Carolina,36.216,76.174676,,placeName,,,,,,,
,newbe1,Newberry,,,,,,placeName,,,,,,,
,newbu,Newburgh,,New York,41.503427,74.010418,,placeName,,,,,,,
,newbu,Newbury,,,,,,placeName,,,,,,,
,newga,Newgate,,England,,,,,,,,,,,
,newli,Newlin,,,,,,,,,,,,,
,newpo,Newport,,Rhode Island,,,,placeName,,,,,,,
,newto,Newton,,New Jersey,41.058153,74.752665,,placeName,Newtown,,,,,,
,newto2,Newtown,,New York,41.414112,73.303566,,placeName,Newtown point,,,,,,
,niaga,Niagara,,New York,43.31195,78.747621,,placeName,,,,,,,
,niagf,Niagara Falls,,NY/Canada,43.078943,79.076446,,geogname,great Falls,,,,,,
,niafo,Niagara Fort,,New York,43.262394,79.063078,,placeName,Fort Niagara,,,,,,
,niagp,Niagara Penninsula,,Canada,,,Use for 1793 journals where visiting families who lived in an area which was later constituted as Black Creek Preparative Meeting; later towns of Ridgeway and Point Abino?,geogName,,,,,,,
,niagr,Niagara River,,NY/Canada,43.078943,79.076446,,geogname,,,,,,,
,9mile,Nine Mile Creek,,New York,43.08911,76.22952,"Source: Otisco Lake. Runs through Marcellus, NY and Camillus, NY to Onondaga Lake in Geddes, NY",geogname,ninemile Creek,,,,,,
,9part1,Nine Partners,,New York,41.775868,73.687534,,placeName,,,,,,,
,9part,Nine Partners School,,New York,41.78509,73.69402,Founded in 1795 by the Nine Partners Monthly Meeting of Friends,placeName,MERGE into orgName for school: ninepsch,,,,,,
,nolan,Noland's Ferry,,Maryland,,,Crosses the Potomac,,,,,,,,
,norfo,Norfolk,,England,,,,,,,,,,,
,norrist,Norristown,,,,,,,,,,,,,
,norbm,North Branch Mountain,,,,,,geogname,,,,,,,
,ncaro,North Carolina,,North Carolina,,,,placeName,,,,,,,
,norm,North Mountains,,,,,,geogname,,,,,,,
,nrive,North River,,New York,41.124884,73.88855,Former name for southern part of Hudson River between New York City and New Jersey.,geogname,,,,,,,
,north1,Northumberland,,Pennsylvania,40.5338,76.4746,,placeName,Northumberland Town,,,,,,
,north,Northumberland County,,Pennsylvania,40.85,76.71,,placeName,,,,,,,
,northw,Northwest Terroritory,,,,,,,,,,,,,
,norw,Norwich,,,,,,,,,,,,,
,notth,Nottingham,,,,,,,,,,,,,
,novas,Nova Scotia,,Canada,45,63,,placeName,,,,,,,
,oakor,Oak Orchard Harbor,,New York,,,,placeName,,,,,,,
,oblon,Oblong,,New York,41.09,73.46,,placeName,,,,,,,
,ocone,Oconee River,,,,,,geogname,Ocomic River?,,,,,,
,ohio,Ohio         ,,Ohio,,,,,,,,,,,
,ohior,Ohio River,,,,,"981 Miles long from Pittsburgh, PA to Cairo, IL",geogname,River Ohio,,,,,,
,oilcr,Oil Creek,,Pennsylvania,41.7365,41.4411353,"47 Miles long from Canadohta Lake, PA to Oil City, PA",geogname,Oyl Creek,,,,,,
,oklah,Oklahoma,,,,,,placeName,,,,,,,
,ofsch,Old Fort Schuyler,,New York,43.0999,75.216,,placeName,"Utica, Old Fort Schyler",,,,,,
,oneid,Oneida,,New York,43.0926,75.6513,,placeName,,,,,,,
,oneic,Oneida Castle,,New York,43.0926,75.6513,,placeName,,,,,,,
,onecr,Oneida Creek,,New York,43.164434,75.73742,,geogname,,,,,,,
,oneil,Oneida Lake,,New York,43.2012,75.91553,,geogname,,,,,,,
,oneir,Oneida River,,New York,,,,geogName,,,,,,,
,oneidss,Oneida South Settlement,,,,,,,,,,,,,
,onond,Onondaga,,New York,42.960215,76.2389,,placeName,,,,,,,
,ononc,Onondaga Castle,,,,,,,,,,,,,
,onoco,Onondaga County,,New York,43.01,76.2,,placeName,,,,,,,
,onocr,Onondaga Creek,,New York,41.815,76.16387,"27 Miles long from Vesper, NY to Onondaga Lake, NY",geogName,,,,,,,
,ononl,Onondaga Lake,,New York,,,,geogName,,,,,,,
,onori,Onondaga River,,New York,,,,geogName,Onondago,,,,,,
,onoss,Onondaga Salt Springs Reservation,,New York,43.0976,76.1954,Land around the Onondaga Lake transferred from Onondaga Nation to salt producers to use to produce salt for everyone,placeName,Onadaga [sic] Salt Works,,,,,,
,ontar,Ontario,,Canada,,,,placeName,,,,,,,
,ontar1,Ontario County,,New York,,,,placeName,,,,,,,
,opekr,Opekon River,,,,,,geogName,,,,,,,
,orang,Orange County,,New York,41.4,74.3118,,placeName,,,,,,,
,osway,Oswayo Creek,,Pennsylvania,41.96468,78.1773,,geogName,Oswago Creek,,,,,,
,osweg1,Oswegatchie,,New York,44.18284,75.0702,,placeName,Oswegatche,,,,,,
,osweg2,Oswego,,New York,,,,placeName,,,,,,,
,oswef,Oswego Falls,,New York,43.32616,76.42047,,geogName,,,,,,,
,oswft,Oswego Fort,,New York,43.46588,76.508194,,placeName,Oswego garrison,,,,,,
,osweg,Oswego Meeting House,,new York,41.70286,73.7289,Located in Moore's Mill NY,placeName,Swago,,,,,,
,osweo,Osweo,,,,,,geogName,,,,,,,
,otego,Otego,,New York,42.397302,75.173502,,placeName,Ottego,,,,,,
,otseg,Otsego Lake,,New York,,,,geogName,,,,,,,
,ottar,Ottawa River,,Quebec/Ontario,45.4619,75.67636,"790 Miles Long from Lake Capimitchigama, Quebec to St. Lawrence River, Quebec",geogName,,,,,,,
,otterc,Otter Creek,,,,,,,,,,,,,
,ottow,Ottoway,,New York,42.75025,74.86,"There is also an Ottoway, VA.",geogName,Ottaway,,,,,,
,ottor,Ottoway River,,,,,,,,,,,,,
,owasc,Owasco Lake,,New York,42.8279,76.51154,,geogName,,,,,,,
,owego,Owego Creek,,New York,42.16787,76.251876,,geogname,,,,,,,
,oxfor,Oxford,,England,,,,,,,,,,,
,oyong,Oyongwongyeh Creek,,,,,,geogname,Oyonwayer,,,,,,
,paintc,Paint Creek,,Ohio,,,,,,,,,,,
,ppost,Painted Post,,New York,42.162,77.0941,,placeName,,,,,,,
,paris,Paris,,New York,,,,,,,,,,,
,paris2,Paris,,France,,,,placeName,,,,,,,
,pasqu,Pasquotank County,,North Carolina,36.29271,76.3174,,placeName,,,,,,,
,pasqr,Pasquotank River,,North Carolina,36.273895,76.14109,,placeName,,,,,,,
,passaic,Passaic River,,New Jersey,,,,geogName,,,,,,,
,passa,Passamaquoddy Bay,,Canada,45.096791,66.982956,,geogname,,,,,,,
,patapr,Patapsco River,,,,,,,Potapsco,,,,,,
,pathv,Path Valley,,Pennsylvania,40.0916,77.80775,,geogName,,,,,,,
,patte,Patterson,,New York,,,,,,,,,,,
,pattc,Patterson's Creek,,,,,,geogName,,,,,,,
,pauli,Paulins Kill (River),,New Jersey,41.09012,74.772295,"42 Miles long from Fredon Township, Sussex County to Knowlton Township, Warren County",geogName,Pawlinskill,,,,,,
,paulu,Paulus Hook,,New Jersey,,,,placeName,,,,,,,
,paxto,Paxton Creek,,Pennsylvania,40.330556,76.8327,,geogName,"Paxten, Paxtang",,,,,,
,peach,Peach Lake,,New York,41.367595,73.577904,,placeName,Peach Pond,,,,,,
,peaks,Peak's Hole,,England,,,,,,,,,,,
,pearl,Pearl Street,,,,,,,,,,,,,
,peche,Peche Island,,Michigan,,,,geogname,Pearl Island,,,,,,
,pelh,Pelham,,Canada,,,,,,,,,,,
,pelha,Pelham township,,North Carolina,36.50715,79.447886,There is also a Pelham Township in Canada,placeName,,,,,,,
,penns,Pennsylvania,,,41,77.5,,placeName,Pensylvania,,,,,,
,penob,Penobscot,,Maine,44.46452,68.71114,,placeName,,,,,,,
,penob2,Penobscot Bay,,Maine,44.4073,68.88565,,geogName,,,,,,,
,pensa,Pensacola,,Florida,,,,placeName,,,,,,,
,peque,Pequest River,,New Jersey,40.839212,75.039625,,geogName,,,,,,,
,perki,Perkiomen,,Pennsylvania,,,,geogName,"Perkiming, Perkcoming",,,,,,
,perkri,Perkiomen River?,,,,,,geogName,Perkioming,,,,,,
,petec,Peter's Camp,,Pennsylvania,41.679519,77.063857,,placeName,Blossburg,,,,,,
,petem,Peters Mountain,,Pennsylvania,,,,geogName,,,,,,,
,peter,Petersburg,,New Jersey,,,,,,,,,,,
,phila,Philadelphia,,Pennsylvania,39.952,75.1447,,placeName,,,,,,,
,philc,Philadelphia Country,,Pennsylvania,,,,placeName,,,,,,,
,pigeo,Pigeon Creek,,Pennsylvania,40.53374,75.93032,,geogName,Pidgeon's creek,,,,,,
,pikec,Pike Creek,,,,,,,,,,,,,
,piles,Pilesgrove,,New Jersey,39.65314,75.314644,,placeName,,,,,,,
,pinec,Pine Creek,,Pennsylvania,41.15923,79.05865,,placeName,Pinecreek,,,,,,
,piney,Piney Woods Meeting,,North Carolina,36.272295,76.558383,,placeName,,,,,,,
,pipec,Pipe Creek,,,,,,,,,,,,,
,piqua,Piqua,,Ohio,40.851,84.1453,,,,,,,,,
,piquap,Piqua Plains,,,,,,geogName,,,,,,,
,pisca,Piscattaway,,Virginia?,,,,,,,,,,,
,pitts,Pittsburgh,,Pennsylvania,40.440625,79.995886,,placeName,"Pitts-Burgh, Pittsburg",,,,,,
,pitts1,Pittstown,,New Jersey,40.58287,74.958495,,placeName,Pitts Town,,,,,,
,pitts2,Pittstown,,New York,42.83508,73.485114,,placeName,,,,,,,
,plai,Plainfield,,New Jersey,,,,,,,,,,,
,pleas,Pleasant River,,Maine,45.342554,69.04534,,geogName,,,,,,,
,plumo,Plum-Orchard,,,,,place to dine,placeName,,,,,,,
,plums,Plumstead,,Pennsylvania,40.38406,75.119511,,placeName,,,,,,,
,plymo1,Plymouth,,Pennsylvania,41.24036,75.944643,,placeName,,,,,,,
,plymo,Plymouth Meetinghouse,,Pennsylvania,40.102854,75.280312,,placeName,Plymoth Meeting house,,,,,,
,poriv,Po River,,,,,,geogName,,,,,,,
,point,Point Abino,,Canada,,,,placeName,,,,,,,
,prais,Point Raisin,,Michigan,,,near mouth of Raisin River,placeName,,,,,,,
,ponti,Pontiac,,Michigan,,,,placeName,,,,,,,
,porre,Porren's tavern,,New York,,,,placeName,,,,,,,
,pambo,Port Amboy,,,,,,,,,,,,,
,proya,Port Royal,,Virginia,,,on the Rappahanock River,placeName,,,,,,,
,portt,Port Tobacco ,,Virginia,,,near Alexandria,,,,,,,,
,paupr,Port-Au-Prince,,Haiti,,,,placeName,,,,,,,
,port,Portage,,,,,on the Little River,placeName,,,,,,,
,portu,Portugal,,,,,,,,,,,,,
,postt,Post Town,,,,,,,,,,,,,
,potawc,Potawatomie Creek,,,,,,,,,,,,,
,potor,Potomac River,,,,,,geogName,"Patowmack, Potowmack",,,,,,
,pfiel,Potter's Field,,,,,,,,,,,,,
,potts,Pottsgrove,,Pennsylvania,40.26482,75.61185,,placeName,Potts Grove,,,,,,
,pottt,Pottstown,,Pennsylvania,40.245374,75.64963,,placeName,Potts-Town,,,,,,
,pough,Poughkeepsie,,New York,41.70037,73.92097,,placeName,Pocepsey,,,,,,
,poweltav,Powel's Tavern,,,,,,,,,,,,,
,powel1,Powell   ,,,,,,,,,,,,,
,powel,Powell Creek,,Pennsylvania,40.42901,76.923283,"16.5 Miles long from Carsonville, PA to the Clarks Ferry Bridge in Duncannon, PA",geogName,,,,,,,
,prair,Prairie du Cheine,,,,,,,,,,,,,
,presc,Prescott,,"Ontario, Canada",,,,placeName,,,,,,,
,presq,Presque-Isle,,Pennsylvania,42.163114,80.101172,,placeName,,,,,,,
,presq1,Presqueile,,,,,,,,,,,,,
,prince,Prince town,,Pennsylvania?,,,,,,,,,,,
,prinbay,Prince's Bay,,,,,,,,,,,,,
,princeton,Princeton,,New Jersey,,,,placeName,,,,,,,
,provi2,Providence,Saratoga,New York,,,,placeName,,,,,,,
,provi,Providence,,Rhode Island,,,,,,,,,,,
,purch,Purchase Meeting House,,New York,41.065817,73.718499,,,Purchace,,,,,,
,putib,Put-in-Bay,,,,,,,,,,,,,
,quebe,Quebec,,Canada,,,,placeName,,,,,,,
,queen,Queenstown,,,,,,placeName,,,,,,,
,quinc,Quince's Wharf,,,,,,,,,,,,,
,radno,Radnor,,,,,,,,,,,,,
,rahwa,Rahway,,New Jersey,40.60816,74.27765,,placeName,Rahaway,,,,,,
,raisr,Raisin River,,Michigan,,,,,Grape River,,,,,,
,ralei,Raleigh,,North Carolina,35.77959,78.638179,,placeName,Rawleigh,,,,,,
,randt,Randallstown,,,,,,,,,,,,,
,rando,Randolph,,,,,,placeName,,,,,,,
,rappa,Rappahannock river,,,,,,,,,,,,,
,rarit,Raritan River,,New Jersey,40.54195,74.514341,"30 Miles long from Bridgewater, NJ to Raritan Bay",geogName,Rariton,,,,,,
,readi,Reading,,Pennsylvania,40.33565,75.926875,,placeName,,,,,,,
,redho,Red Hook Wharf,,New York,,,"on the Hudson, south of Hudson",geogName,,,,,,,
,redriv,Red River,,,,,,,,,,,,,
,redst1,Redstone,,Pennsylvania,,,,placeName,,,,,,,
,redst,Redstone Creek,,Pennsylvania,40.033464,79.868556,"28 Miles long from Chestnut Ridge to Brownsville, PA",,,,,,,,
,renss,Rensselaer County,,New York,,,,placeName,,,,,,,
,redof,Restone Old Fort,,Pennsylvania,,,,placeName,Old Fort,,,,,,
,rhode,Rhode Island,,,,,,,,,,,,,
,richs,Rich Square,,North Carolina,36.274044,77.284412,,placename,,,,,,,
,richt,Rich's tavern,,,,,Now known as Kepler's,placeName,,,,,,,
,richl,Richland,,Pennsylvania,40.357222,76.257222,,placename,,,,,,,
,richm2,Richmond,,Indiana,,,,,,,,,,,
,richm,Richmond,,Virginia,,,,,,,,,,,
,ridgeva,Ridge,,Virginia,,,Also known as Apple Pie  Ridge. Located about 3 miles northwest of present Winchester VA.,placename,,,,,,,
,lecas,river Le Cas,,,,,,,,,,,,,
,rangr,river Range,,,,,,,,,,,,,
,rouger,River Rouge,,,,,"This may be the 127 mile river in Michigan (42.63225, 83.17632)",geogName,"Roosh, Rushe",,,,,,
,stlar,River St. Lawrence,,"New York, Canada",44.704046,75.506287,744 miles long from Lake Ontario to Gulf of St. Lawrence/Atlantic Ocean,geogName,,,,,,,
,roano,Roanoke,,Virginia,37.16,79.56,,placeName,,,,,,,
,roari,Roaring Creek,,Pennsylvania,40.93436,76.524636,"21 miles long from Roaring Creek Township to Susquehanna River near Danville, PA",placeName,,,,,,,
,roarv,Roaring Creek Valley,,Pennsylvania,,,,,,,,,,,
,robin,Robinson,,Pennsylvania,40.450346,80.336729,,placeName,,,,,,,
,roche,Roche de Bout,,Ohio,,,limestone formation,geogname,Rochede Bout,,,,,,
,rockc,Rockingham County,,New Hampshire,,,,placeName,,,,,,,
,rockf,Rocky Fork,,,,,,geogname,,,,,,,
,rockm,Rocky Mountains,,,,,,,,,,,,,
,rome,Rome,,New York,,,,placeName,,,,,,,
,rome2,Rome,,Italy,,,,,,,,,,,
,rondo,Rondout Creek,,New York,41.900424,74.462564,"63 miles long from Rocky Mountain in Olive, NY to Hudson River in Kingston, NY",geogname,Rosendell/Rosendale,,,,,,
,rushr,Rushe River,,,,,,,,,,,,,
,sadd,Saddle,,,,,on the Little River,geogFeat,,,,,,,
,scroi,Saint Croix River,,Maine/Canada,45.585212,67.50481,71 miles long from Chiputneticook Lakes to Passamaquoddy Bay,geogname,,,,,,,
,salem2,Salem,,Iowa,,,,,,,,,,,
,salem3,Salem,,Massachusetts,,,,placeName,,,,,,,
,salem,Salem,,New Jersey,39.57178,75.467142,,placeName,,,,,,,
,salin,Salina,,New York,,,,,,,,,,,
,saltc,Salt Creek,,,,,,,,,,,,,
,sand,Sandusky,,Ohio,41.2648,82.4233,,,Sanduskey,,,,,,
,sandu,Sandusky,,New York,42.4959,78.38446,,placeName,,,,,,,
,sandb,Sandusky Bay,,Ohio,,,,geogName,Lake Sandusky,,,,,,
,sandr,Sandusky River,,Ohio,,,,geogName,,,,,,,
,sandw,Sandwich,,Maine,43.79087,71.4105,,placeName,,,,,,,
,sandw2,Sandwich,,Upper Canada,,,"Later Windsor, Ontario",placeName,,,,,,,
,sandy,Sandy Creek,,Pennsylvania,41.48069,80.227833,,geogname,,,,,,,
,,Sandy Ridge,,,,,has a light house,,,,,,,,
,sands,Sandy Spring,,,,,,,,,,,,,
,sandh,Sandy-Hook,,,,,,,Sandyhook,,,,,,
,sarat,Saratoga ,,New York,43.04485,73.630073,,placeName,,,,,,,
,savmo,Savage Mountains,,Pennsylvania,39.5311,78.441,,,Savage Mountain,,,,,,
,scawy,Scawyace,,New York,,,Cayuga village,placeName,Long Falls,,,,,,
,schag,Schaghticoke,,New York,42.90008,73.58539,,placeName,"Scatecook, Scatacook",,,,,,
,schen,Schenectady ,,New York,42.8142,73.9396,,placeName,"Schenectida, Schenacktada",,,,,,
,schoh,Schoharie Creek,,New York,42.9309,74.27809,"93 miles long from the foot oh Indian Head Mountain to the Mohawk River near Tribes Hill, NY",geogname,,,,,,,
,schuy,Schuyler,,New York,43.096111,75.098056,,placeName,Scyler town,,,,,,
,schri,Schuylkill River,,Pennsylvania,39.94824,75.185022,"135 miles long from Tuscarora Springs, PA to the Delaware River near the Philadelphia Navy Yard",geogname,Schuilkill,,,,,,
,sciot,Scioto River,,Ohio,38.76111,82.99626,"231 miles long from New Hampshire, OH to Ohio River near Portsmouth, OH",geogname,,,,,,,
,scipi,Scipio ,,New York,42.7875,76.5719,,placeName,,,,,,,
,scot,Scotland,,,,,,,,,,,,,
,seabr,Seabrook,,,,,,placeName,,,,,,,
,seaco,Seacock Meeting House,,North Carolina,37.13741461,77.5266405,,placeName,"Gravelly Run, Burley, Surry, Sussex, and Upper Monthly Meeting",,,,,,
,senef,Seneca Falls,,New York,,,,geogname,,,,,,,
,senec,Seneca Lake,,New York,42.6827,76.90668,,geogname,,,,,,,
,sener,Seneca River,,New York,,,,geogName,,,,,,,
,srang,Seven Ranges,,Ohio,,,,placeName,,,,,,,
,sewec,Sewell's Cabin,,,,,,placeName,,,,,,,
,shamo,Shamokin Creek,,Pennsylvania,40.782621,76.45699,"32 miles long, empties into Susquehanna River south of Sunbury, PA",geogName,Shomokin Creek,,,,,,
,sharo,Sharon,,Vermont,43.785234,72.45417,,placeName,,,,,,,
,sheep,Sheepscot River,,Maine,44.264917,69.539165,"66 miles long. Starts at Sheepscot Pond near Palermo, ME and empties into Atlantic Ocean near Southport, ME",geogname,Sheepsgut,,,,,,
,sheff,Sheffield,,England,,,,placeName,,,,,,,
,shenr,Shenandoah River,,,,,,geogname,,,,,,,
,shenv,Shenandoah Valley,,,,,,geogName,,,,,,,
,shipp,Shippensburg,,Pennsylvania,40.050645,77.520265,,placeName,Shippensburgh,,,,,,
,shoe,Shoemakers Town,,,,,,,,,,,,,
,shortc,Short Creek,,Ohio,,,,,,,,,,,
,short1,Short Hill,,Virginia,,,,geogname,,,,,,,
,short,Short Hills,,Canada,43.09816,79.28176,,placeName,,,,,,,
,shoum,Shoumonge River,,,,,,,,,,,,,
,shrew,Shrewsbury,,NJ,,,,,,,,,,,
,shrop,Shropshire,,England,,,,,,,,,,,
,sidel,Sideling Hill,,Pennsylvania,40.009,78.129,,geogname,Sidling Hill,,,,,,
,sierr,Sierra Leone,,,,,,placeName,,,,,,,
,sings,Sing Sing,,New York,,,Prison,placeName,,,,,,,
,skane,Skaneateles Lake,,New York,42.865188,76.381092,,geogname,,,,,,,
,skene,Skenesborough,,New York,43.550863,73.40315,,placeName,,,,,,,
,skerr,Skerries Lights,,,,,,,,,,,,,
,slipp,Slippery Rock,,Pennsylvania,40.954152,80.170176,large stream,geogName,,,,,,,
,solsb,Solsbury,,,,,,placeName,,,,,,,
,somse,Somerset,,Massachusetts,,,,placeName,Summerset,,,,,,
,somsc,Somerset County,,Pennsylvania,,,,placeName,,,,,,,
,somer,Somerton,,Virginia,36.56821,76.751346,,placeName,,,,,,,
,sbranm,South Branch Mountain,,,,,,geogName,,,,,,,
,scaro,South Carolina,,South Carolina,,,,placeName,,,,,,,
,souss,South Sixth Street,,,,,,,,,,,,,
,south,Southampton,,New Jersey,39.92743,74.72658,,placeName,Southhampton,,,,,,
,souwa,Southwark,,England,,,,placeName,,,,,,,
,spraf,Spragers Ferry,,New York,,,,placeName,,,,,,,
,spray,Spraykers ferry,,New York,,,,placeName,,,,,,,
,sprmill,Spring Mill Ferry,,Pennsylvania?,,,,,,,,,,,
,spring,Spring Mills,,,,,near Falmouth?,,,,,,,,
,sprin,Springfield,,New Jersey,40.70169,74.322215,,placeName,,,,,,,
,sprin2,Springfield,,Vermont,,,,placeName,,,,,,,
,squas,Squasalow,,,,,,,,,,,,,
,squaw,Squawkie Hill,,New York,42.73866,77.897186,,placeName,"Squauhee Hill, Squakee Hill",,,,,,
,stcha,St. Charles,,,,,,,,,,,,,
,stdav,St. David's Head,,England,,,,placeName,,,,,,,
,stjoh,St. Johns,,,,,,placeName,,,,,,,
,stjos,St. Joseph River,,Michigan,,,,geogname,,,,,,,
,stlou,St. Louis,,,,,,,,,,,,,
,stmar,St. Marys River,,Michigan,,,,geogname,,,,,,,
,stvin,St. Vincennes,,,,,,,,,,,,,
,stanf,Stanford,,,,,,,,,,,,,
,stati,Staten Island,,,,,,,,,,,,,
,staunt,Staunton,,,,,,,,,,,,,
,steph,Stephentown,,New York,42.54869,73.374,,placeName,,,,,,,
,steco,Steuben county,,New York,42.26,77.39,,placeName,,,,,,,
,stillr,Stillwater River,,Ohio,,,,,,,,,,,
,stock,Stockbridge,,New York,42.9912,75.5993,,placeName,,,,,,,
,stock2,Stockbridge,,Massachusetts,,,,placeName,,,,,,,
,stonc2,Stoney Creek,,,,,The same Stoney Creek as above? Probably Ohio,geogName,,,,,,,
,stonb,Stony Brook,,New York,,,,placeName,,,,,,,
,stonc,Stony Creek,,Pennsylvania,40.303964,78.89086,,geogName,Stonycreek,,,,,,
,stony,Stony Point,,New York,41.22954,73.987085,,placeName,Stoney Point,,,,,,
,stras,Strasburg,,Pennsylvania,39.98316,76.18412,,placeName,Strawsburgh,,,,,,
,sudbu,Sudbury,,Massachusetts,,,,,,,,,,,
,suffc,Suffolk Courthouse,,Virginia,36.729021,76.582223,,placeName,,,,,,,
,sugac,Sugar Creek,,New York?,,,,,,,,,,,
,suga,Sugarloaf,,,,,,geogname,,,,,,,
,sunb,Sunbury,,Pennsylvania,40.862585,76.79441,"There is also a Sunbury, NC.",placeName,,,,,,,
,sunny,Sunnyside,,,,,,,,,,,,,
,susqueh,Susquehanna,,Pennsylvania,41.94361,75.59918,,placeName,,,,,,,
,susqu,Susquehanna River,,"Pennsylvania, Maryland, New York",39.721316,76.232328,"464 miles long from Ostego Lake in Cooperstown, PA to Chesapeake Bay in MD.",geogname,,,,,,,
,susse1,Sussex,,England,,,,,,,,,,,
,susse,Sussex Courthouse ,,New Jersey,41.0587,74.7536,,placeName,,,,,,,
,sutto,Sutton's Creek,,North Carolina,36.17308,76.392403,,geogname,,,,,,,
,swanc,Swan Creek,,,,,,,,,,,,,
,swans,Swansee,,Massachusetts,,,,,,,,,,,
,swata,Swatara Creek,,Pennsylvania,40.39,76.49866,"72 miles long. Runs from Appalachian Mountains in Schulkill County to the Susquehanna River at Middletown, PA",geogname,,,,,,,
,swede,Sweden,,,,,,,,,,,,,
,sweet,Sweet Arrow Creek,,Pennsylvania,,,"Could be a different name for Little Swatara Creek, Upper Little Swatara Creek, etc.",geogname,Sweetaraw,,,,,,
,switz,Switzerland,,,,,,placeName,,,,,,,
,swope,Swope Creek,,Pennsylvania,40.523121,75.550425,Tributary of Little Lehigh Creek in Berks and Lehigh Countries.,geogname,Swabia Creek,,,,,,
,symon,Symonds Creek,,North Carolina,36.193291,76.23015,"Tributary of Matthews Creek South of Elizabeth City, NC.",geogname,,,,,,,
,trock,Table Rock,,,,,,geogFeat,,,,,,,
,tappa,Tappan,,New York,41.022042,73.94736,,placeName,,,,,,,
,tawnc,Tawandy Creek,,New York?,,,,,,,,,,,
,tawna,Tawnawandis,,New York,43.068056,78.445,,placeName,Tonawanda Reservation. Tawniwandic,,,,,,
,taylt,Taylorstown,,Pennsylvania?,,,,,,,,,,,
,tenmi,Tenmile Creek,,Pennsylvania,40.073203,80.32053,There is also a Tenmile Run in Central PA near Miflin Township,geogname,10 mile Creek,,,,,,
,tenne,Tennessee River,,,,,,geogname,Cherokee River,,,,,,
,thame,Thames River,,Ontario,,,,geogname,River Latrench,,,,,,
,thame2,Thames River,,England,,,,geogname,,,,,,,
,chann,the Channel,,England,,,,geogName,,,,,,,
,glade,the Glades,,Pennsylvania,,,near Berlin,placeName,,,,,,,
,narro,the Narrows,,North Carolina,34.753216,76.786047,part of the Pasquotank River,geogName,,,,,,,
,thomp,Thompsons  ,,New York,41.654383,74.663463,,placeName,Thompson,,,,,,
,three,Three-Rivers Point,,New York,,,"Junction of Oneida, Seneca, and Oswego rivers",placeName,,,,,,,
,ticon,Ticonderoga,,New York,43.848671,73.423453,,placeName,,,,,,,
,timbr,Timber Ridge Mountain,,,,,,,,,,,,,
,tioga,Tioga,,"New York, Pennsylvania",42.03009,77.132585,58 miles long. There is also a Tiogo Township and County in NY. ,geogName,"Tioga Tiver, Chemung River",,,,,,
,tiogp,Tioga Point,,,,,junction of Shoumonge and Susquehanna,,,,,,,,
,tonne,Tonnewonta,,,,,"Town of Tonawanda is located at (43.020335, 78.880315)",geogName,Tonawanda,,,,,,
,toncr,Tontawonta Creek,,,,,,,,,,,,,
,toxte,Toxteth Park,,England,,,,,,,,,,,
,trent,Trenton,,New Jersey,40.21705,74.742938,,placeName,,,,,,,
,trout,Trout Run,,Pennsylvania,41.38341,77.053599,,geogName,,,,,,,
,troy,Troy,,New York,42.728412,73.691785,,placeName,,,,,,,
,tunes,Tunesassa,,New York,42.158361,78.75,,placeName,"Tunesassah, Tunesasau",,,,,,
,tunec,Tunesassa Creek,,New York,,,,geogname,Tunesasah Creek,,,,,,
,turkr,Turkey River,,,,,,,,,,,,,
,tuscr,Tuscarawas River,,Ohio,,,,geogname,,,,,,,
,tusca1,Tuscarora,,New York,42.63062,77.869724,Merge with New Stockbridge?,placeName,,,,,,,
,tusca,Tuscarora Mountain,,Pennsylvania,40.241012,77.5971,,geogName,,,,,,,
,tusco,Tusco Rocks,,England,,,,,,,,,,,
,tusqu,Tusquiatossy,,,,,,geogName,,,,,,,
,tyrin,Tyringham,,Massachusetts,42.24592,73.20372,,placeName,,,,,,,
,unadi,Unadilla,,New York,42.32536,75.3124,,placeName,Unedilly,,,,,,
,unadr,Unadilla River,,New York,42.591874,75.32963,"71 miles long from Utica to Sidney, NY",geogName,Unedilly River,,,,,,
,uniont,Uniontown,,,,,,,,,,,,,
,uppcanada,Upper Canada,,,,,,,,,,,,,
,ueves,Upper Evesham,,New Jersey,39.856585,74.90084,,placeName,,,,,,,
,usand,Upper Sandusky,,Ohio?,,,,,,,,,,,
,utica,Utica,,New York,43.1009,75.23266,,placeName,,,,,,,
,uwch,Uwchlan,Chester,Pennsylvania,,,,,,,,,,,
,valle,Valley,,,,,,,,,,,,,
,vallf,Valley Forge,,,,,,placeName,,,,,,,
,vande,Vandeventer's Tavern,,,,,near Batavia,,,,,,,,
,venan,Venango County,,Pennsylvania,,,,placeName,Venago County,,,,,,
,verdi,Verdigris River,,,,,,,,,,,,,
,vermo,Vermont,,,,,,placeName,,,,,,,
,verno,Vernon,,New York,,,,,,,,,,,
,verona,Verona,,,,,,,,,,,,,
,vince,Vincennes,,,,,"""French settlement on the Illinois""",,,,,,,,
,virgi,Virginia,,,,,,placeName,,,,,,,
,wabas,Wabash River,,,,,,geogname,Ouabache,,,,,,
,wabasu,Wabasu,,,,,,,,,,,,,
,wains,Wainsville,,,,,,,,,,,,,
,walkv,Walk-in-the-Water village,,,,,,,,,,,,,
,walli,Wallingford,Vermont,,,,,placeName,Wallingsford,,,,,,
,wallk,Wallkill River,,"New York, New Jersey",41.10337,74.5886,"88 miles long from Lake Mohawk in Sparta, NJ to Rondout Creek near Rosendale, NY.",geogName,,,,,,,
,wapak,Wapakoneta,,Ohio,40.3433,84.1134,,,"Wapakonetta, Wapakanetta, Wapakennetta, Waupaukanetta",,,,,,
,wappi,Wappinger Creek,,New York,41.58887,73.93672,"42 miles long from Thompson Pond to the Hudson River in New Hamburg, NY",geogName,Wappings Creek,,,,,,
,warnt,Warner's Tavern,,,,,,,,,,,,,
,warre,Warren,,Pennsylvania,41.84295,79.14504,,placeName,Warrentown,,,,,,
,warrc,Warren County,,Pennsylvania,,,,placeName,,,,,,,
,warri1,Warrington,,England,,,,,,,,,,,
,warri,Warrington,,Pennsylvania,40.24917,75.134125,"There is also a Warrington Township in York County, PA (40.05, 76.5659)",placeName,Warrentown,,,,,,
,wash,Washington,,DC,,,,,Washington city,,,,,,
,wash2,Washington,,Pennsylvania,,,,,,,,,,,
,washco,Washington County,,New York,,,,,,,,,,,
,washc,Washington County,,Pennsylvania,,,,,,,,,,,
,waterf,Waterford,,,,,,,,,,,,,
,weare,Weare,,New Hampshire,,,,placeName,"Wore, Wear",,,,,,
,westb,West Branch,,Pennsylvania,41.68054,77.768095,,geogName,,,,,,,
,wbran,West Branch Meeting House,,New York,41.57933,73.542132,In Dutchess County,placeName,"Branch, Oblong Friends' Meeting House",,,,,,
,wcana,West Canada Creek,,New York,,,,geogName,Canada Creek,,,,,,
,westc,West Chester,,New York,41.09,73.46,Westchester,,,,,,,,
,wches,West Chester,,Pennsylvania,,,,,,,,,,,
,westf,West Farms,,,,,,,,,,,,,
,wgrove,West Grove,,,,,,,,,,,,,
,whart,West Hartford ,,Connecticut,41.76208,72.742015,,placeName,,,,,,,
,westi,West Indies,,,,,,,,,,,,,
,westl,West Liberty,,?,,,,,,,,,,,
,westp,West Point,,New York,41.39148,73.955972,,placeName,Fort Clinton,,,,,,
,westb,Westbury,,New York,,,,placeName,,,,,,,
,westl,Westland,,Pennsylvania,40.27729,80.273116,"There is also a Westland School in MD and Westland, VA",,,,,,,,
,westm1,Westminister,,England,,,,,,,,,,,
,westm,Westmoreland,,,,,,,,,,,,,
,westo1,Weston,,Connecticut,,,,,,,,,,,
,westo,Westown School,,Pennsylvania,,,,,,,,,,,
,westport,Westport,,Missouri,,,,,,,,,,,
,wheel,Wheeling River,,,,,,,,,,,,,
,wchie,White Chief's Village,,New York,,,,placeName,,,,,,,
,wclay,White Clay Creek,,Delaware,,,,geogname,,,,,,,
,wcree,White Creek,,New York,42.97008,73.29122,,placeName,,,,,,,
,woakp,White Oak Plains,,,,,,geogName,,,,,,,
,whiter,White River,,?Indiana?,,,,,,,,,,,
,white,Whitestown,,New York,43.1382,75.3296,,placeName,"Whites Town, White's Town, Whitstown",,,,,,
,whitew,Whitewater,,,,,,,,,,,,,
,whiti,Whitewood Island,,,,,,,,,,,,,
,wicon,Wiconisco Creek,,Pennsylvania,40.56256,76.80706,"46 miles long from Porter Township, PA to Susqehanna River between Lenkerville and Millersburg, PA.",geogName,Wikinisky Creek,,,,,,
,willc,Will's Creek,,,,,,,,,,,,,
,willi,Williamsburgh,,New York,40.70812,73.9571,,placeName,Williamsburg,,,,,,
,willif,Williamsburgh Farm,,,,,,,,,,,,,
,willi2,Williamsport,,Pennsylvania,41.24119,77.00108,,placeName,William's port,,,,,,
,willm,Willistown Meeting,,Pennsylvania,39.9887,75.48105,,placeName,,,,,,,
,wilmo,Wills' Mountain,,Pennsylvania,39.84611,78.68194,,geogName,,,,,,,
,willst,Willstown,,,,,,,,,,,,,
,wilmi,Wilmington,,Delaware,39.73907,75.5398,,placeName,,,,,,,
,wilm,Wilmington,,Ohio,,,,,,,,,,,
,winch,Winchester,,Virginia,,,,,,,,,,,
,wind1,Windecker,,,,,,,,,,,,,
,windr,Winding Ridge,,,,,,geogname,,,,,,,
,winnel,Winnebago Lake,,Wisconsin,,,,geogName,,,,,,,
,wisco,Wisconsin River,,,,,,geogname,Oisconsin River,,,,,,
,woodc,Wood Creek,,New York,,,,geogname,,,,,,,
,woodb,Woodbury,,New Jersey,39.83817,75.15268,,placeName,,,,,,,
,woodsi,Woodside,,Pennsylvania,,,near Merion,,,,,,,,
,woods,Woodstack,,,,,,,,,,,,,
,wrigh,Wright's Ferry,,Pennsylvania,40.03737,76.51441,,placeName,,,,,,,
,wrigt,Wrightstown,,Pennsylvania,40.266774,74.98322,,placeName,,,,,,,
,yello,Yellow Breeches Creek,,Pennsylvania,40.15058,77.00696,56 miles long from Michaux State Forest to Susquehanna River near New Cumberland.,geogName,Minnimingo Creek,,,,,,
,yello2,Yellow Springs,Chester,Pennsylvania,,,,,,,,,,,
,york3,York,,Pennsylvania,,,,placeName,,,,,,,
,york2,York,,England,,,,,,,,,,,
,york,York,,New York,42.87107,77.88562,,placeName,,,,,,,
,yorki,York Island,,,,,,,,,,,,,
,yorks,Yorkshire,,England,,,,,,,,,,,
,yorkt2,Yorktown,,New York,,,,,,,,,,,
,yorkt,Yorktown,,Pennsylvania,39.973446,75.153,,placeName,"York Town, York",,,,,,
,yough,Youghiogheny River,,Pennsylvania,40.32227,79.84194,"134 miles long from Silver Lake to Monongahela River near McKeesport, PA",geogName,"Yoghagena, Yoghogany, Youghiogany",,,,,,
,youngs,Young Streit,,,,,,,,,,,,,
,zanev,Zane's Ville,,,,,,,,,,,,,
,,,,,,,,,,,,,,,
,,,,,,,,,,,,,,,
,,,,,,,,,,,,,,,
,,,,,,,,,,,,,,,
,,,,,,,,,,,,,,,
,,,,,,,,,,,,,,,
,,,,,,,,,,,,,,,
,,,,,,,,,,,,,,,
,,,,,,,,,,,,,,,
,,,,,,,,,,,,,,,
,,,,,,,,,,,,,,,
,,,,,,,,,,,,,,,
,,,,,,,,,,,,,,,
,ncaro,,,North Carolina,,,,,,,,,,,
